# Blender 5.2.0 LTS
# www.blender.org
mtllib aldrich_count_throne.mtl
o aldrich_count_throne
v -0.319600 0.187750 0.261200
v -0.319600 0.467250 0.261200
v -0.283636 0.187750 0.278519
v -0.283636 0.467250 0.278519
v -0.274753 0.187750 0.317436
v -0.274753 0.467250 0.317436
v -0.299641 0.187750 0.348645
v -0.299641 0.467250 0.348645
v -0.339559 0.187750 0.348645
v -0.339559 0.467250 0.348645
v -0.364447 0.187750 0.317436
v -0.364447 0.467250 0.317436
v -0.355564 0.187750 0.278519
v -0.355564 0.467250 0.278519
v -0.319600 0.547750 0.307200
v -0.319600 0.532376 0.259883
v -0.319600 0.492126 0.230640
v -0.319600 0.442374 0.230640
v -0.319600 0.402124 0.259883
v -0.319600 0.386750 0.307200
v -0.282606 0.532376 0.277699
v -0.259743 0.492126 0.259466
v -0.259743 0.442374 0.259466
v -0.282606 0.402124 0.277699
v -0.273470 0.532376 0.317729
v -0.244959 0.492126 0.324236
v -0.244959 0.442374 0.324236
v -0.273470 0.402124 0.317729
v -0.299070 0.532376 0.349831
v -0.286382 0.492126 0.376178
v -0.286382 0.442374 0.376178
v -0.299070 0.402124 0.349831
v -0.340130 0.532376 0.349831
v -0.352818 0.492126 0.376178
v -0.352818 0.442374 0.376178
v -0.340130 0.402124 0.349831
v -0.365730 0.532376 0.317729
v -0.394240 0.492126 0.324236
v -0.394240 0.442374 0.324236
v -0.365730 0.402124 0.317729
v -0.356594 0.532376 0.277699
v -0.379457 0.492126 0.259466
v -0.379457 0.442374 0.259466
v -0.356594 0.402124 0.277699
v -0.319600 0.268250 0.307200
v -0.319600 0.252876 0.259883
v -0.319600 0.212626 0.230640
v -0.319600 0.162874 0.230640
v -0.319600 0.122624 0.259883
v -0.319600 0.107250 0.307200
v -0.282606 0.252876 0.277699
v -0.259743 0.212626 0.259466
v -0.259743 0.162874 0.259466
v -0.282606 0.122624 0.277699
v -0.273470 0.252876 0.317729
v -0.244959 0.212626 0.324236
v -0.244959 0.162874 0.324236
v -0.273470 0.122624 0.317729
v -0.299070 0.252876 0.349831
v -0.286382 0.212626 0.376178
v -0.286382 0.162874 0.376178
v -0.299070 0.122624 0.349831
v -0.340130 0.252876 0.349831
v -0.352818 0.212626 0.376178
v -0.352818 0.162874 0.376178
v -0.340130 0.122624 0.349831
v -0.365730 0.252876 0.317729
v -0.394240 0.212626 0.324236
v -0.394240 0.162874 0.324236
v -0.365730 0.122624 0.317729
v -0.356594 0.252876 0.277699
v -0.379457 0.212626 0.259466
v -0.379457 0.162874 0.259466
v -0.356594 0.122624 0.277699
v -0.319600 0.187750 -0.353200
v -0.319600 0.467250 -0.353200
v -0.283636 0.187750 -0.335881
v -0.283636 0.467250 -0.335881
v -0.274753 0.187750 -0.296964
v -0.274753 0.467250 -0.296964
v -0.299641 0.187750 -0.265755
v -0.299641 0.467250 -0.265755
v -0.339559 0.187750 -0.265755
v -0.339559 0.467250 -0.265755
v -0.364447 0.187750 -0.296964
v -0.364447 0.467250 -0.296964
v -0.355564 0.187750 -0.335881
v -0.355564 0.467250 -0.335881
v -0.319600 0.547750 -0.307200
v -0.319600 0.532376 -0.354517
v -0.319600 0.492126 -0.383760
v -0.319600 0.442374 -0.383760
v -0.319600 0.402124 -0.354517
v -0.319600 0.386750 -0.307200
v -0.282606 0.532376 -0.336702
v -0.259743 0.492126 -0.354934
v -0.259743 0.442374 -0.354934
v -0.282606 0.402124 -0.336702
v -0.273470 0.532376 -0.296671
v -0.244959 0.492126 -0.290164
v -0.244959 0.442374 -0.290164
v -0.273470 0.402124 -0.296671
v -0.299070 0.532376 -0.264569
v -0.286382 0.492126 -0.238222
v -0.286382 0.442374 -0.238222
v -0.299070 0.402124 -0.264569
v -0.340130 0.532376 -0.264569
v -0.352818 0.492126 -0.238222
v -0.352818 0.442374 -0.238222
v -0.340130 0.402124 -0.264569
v -0.365730 0.532376 -0.296671
v -0.394240 0.492126 -0.290164
v -0.394240 0.442374 -0.290164
v -0.365730 0.402124 -0.296671
v -0.356594 0.532376 -0.336702
v -0.379457 0.492126 -0.354934
v -0.379457 0.442374 -0.354934
v -0.356594 0.402124 -0.336702
v -0.319600 0.268250 -0.307200
v -0.319600 0.252876 -0.354517
v -0.319600 0.212626 -0.383760
v -0.319600 0.162874 -0.383760
v -0.319600 0.122624 -0.354517
v -0.319600 0.107250 -0.307200
v -0.282606 0.252876 -0.336702
v -0.259743 0.212626 -0.354934
v -0.259743 0.162874 -0.354934
v -0.282606 0.122624 -0.336702
v -0.273470 0.252876 -0.296671
v -0.244959 0.212626 -0.290164
v -0.244959 0.162874 -0.290164
v -0.273470 0.122624 -0.296671
v -0.299070 0.252876 -0.264569
v -0.286382 0.212626 -0.238222
v -0.286382 0.162874 -0.238222
v -0.299070 0.122624 -0.264569
v -0.340130 0.252876 -0.264569
v -0.352818 0.212626 -0.238222
v -0.352818 0.162874 -0.238222
v -0.340130 0.122624 -0.264569
v -0.365730 0.252876 -0.296671
v -0.394240 0.212626 -0.290164
v -0.394240 0.162874 -0.290164
v -0.365730 0.122624 -0.296671
v -0.356594 0.252876 -0.336702
v -0.379457 0.212626 -0.354934
v -0.379457 0.162874 -0.354934
v -0.356594 0.122624 -0.336702
v 0.319600 0.187750 0.261200
v 0.319600 0.467250 0.261200
v 0.355564 0.187750 0.278519
v 0.355564 0.467250 0.278519
v 0.364447 0.187750 0.317436
v 0.364447 0.467250 0.317436
v 0.339559 0.187750 0.348645
v 0.339559 0.467250 0.348645
v 0.299641 0.187750 0.348645
v 0.299641 0.467250 0.348645
v 0.274753 0.187750 0.317436
v 0.274753 0.467250 0.317436
v 0.283636 0.187750 0.278519
v 0.283636 0.467250 0.278519
v 0.319600 0.547750 0.307200
v 0.319600 0.532376 0.259883
v 0.319600 0.492126 0.230640
v 0.319600 0.442374 0.230640
v 0.319600 0.402124 0.259883
v 0.319600 0.386750 0.307200
v 0.356594 0.532376 0.277699
v 0.379457 0.492126 0.259466
v 0.379457 0.442374 0.259466
v 0.356594 0.402124 0.277699
v 0.365730 0.532376 0.317729
v 0.394240 0.492126 0.324236
v 0.394240 0.442374 0.324236
v 0.365730 0.402124 0.317729
v 0.340130 0.532376 0.349831
v 0.352818 0.492126 0.376178
v 0.352818 0.442374 0.376178
v 0.340130 0.402124 0.349831
v 0.299070 0.532376 0.349831
v 0.286382 0.492126 0.376178
v 0.286382 0.442374 0.376178
v 0.299070 0.402124 0.349831
v 0.273470 0.532376 0.317729
v 0.244959 0.492126 0.324236
v 0.244959 0.442374 0.324236
v 0.273470 0.402124 0.317729
v 0.282606 0.532376 0.277699
v 0.259743 0.492126 0.259466
v 0.259743 0.442374 0.259466
v 0.282606 0.402124 0.277699
v 0.319600 0.268250 0.307200
v 0.319600 0.252876 0.259883
v 0.319600 0.212626 0.230640
v 0.319600 0.162874 0.230640
v 0.319600 0.122624 0.259883
v 0.319600 0.107250 0.307200
v 0.356594 0.252876 0.277699
v 0.379457 0.212626 0.259466
v 0.379457 0.162874 0.259466
v 0.356594 0.122624 0.277699
v 0.365730 0.252876 0.317729
v 0.394240 0.212626 0.324236
v 0.394240 0.162874 0.324236
v 0.365730 0.122624 0.317729
v 0.340130 0.252876 0.349831
v 0.352818 0.212626 0.376178
v 0.352818 0.162874 0.376178
v 0.340130 0.122624 0.349831
v 0.299070 0.252876 0.349831
v 0.286382 0.212626 0.376178
v 0.286382 0.162874 0.376178
v 0.299070 0.122624 0.349831
v 0.273470 0.252876 0.317729
v 0.244959 0.212626 0.324236
v 0.244959 0.162874 0.324236
v 0.273470 0.122624 0.317729
v 0.282606 0.252876 0.277699
v 0.259743 0.212626 0.259466
v 0.259743 0.162874 0.259466
v 0.282606 0.122624 0.277699
v 0.319600 0.187750 -0.353200
v 0.319600 0.467250 -0.353200
v 0.355564 0.187750 -0.335881
v 0.355564 0.467250 -0.335881
v 0.364447 0.187750 -0.296964
v 0.364447 0.467250 -0.296964
v 0.339559 0.187750 -0.265755
v 0.339559 0.467250 -0.265755
v 0.299641 0.187750 -0.265755
v 0.299641 0.467250 -0.265755
v 0.274753 0.187750 -0.296964
v 0.274753 0.467250 -0.296964
v 0.283636 0.187750 -0.335881
v 0.283636 0.467250 -0.335881
v 0.319600 0.547750 -0.307200
v 0.319600 0.532376 -0.354517
v 0.319600 0.492126 -0.383760
v 0.319600 0.442374 -0.383760
v 0.319600 0.402124 -0.354517
v 0.319600 0.386750 -0.307200
v 0.356594 0.532376 -0.336702
v 0.379457 0.492126 -0.354934
v 0.379457 0.442374 -0.354934
v 0.356594 0.402124 -0.336702
v 0.365730 0.532376 -0.296671
v 0.394240 0.492126 -0.290164
v 0.394240 0.442374 -0.290164
v 0.365730 0.402124 -0.296671
v 0.340130 0.532376 -0.264569
v 0.352818 0.492126 -0.238222
v 0.352818 0.442374 -0.238222
v 0.340130 0.402124 -0.264569
v 0.299070 0.532376 -0.264569
v 0.286382 0.492126 -0.238222
v 0.286382 0.442374 -0.238222
v 0.299070 0.402124 -0.264569
v 0.273470 0.532376 -0.296671
v 0.244959 0.492126 -0.290164
v 0.244959 0.442374 -0.290164
v 0.273470 0.402124 -0.296671
v 0.282606 0.532376 -0.336702
v 0.259743 0.492126 -0.354934
v 0.259743 0.442374 -0.354934
v 0.282606 0.402124 -0.336702
v 0.319600 0.268250 -0.307200
v 0.319600 0.252876 -0.354517
v 0.319600 0.212626 -0.383760
v 0.319600 0.162874 -0.383760
v 0.319600 0.122624 -0.354517
v 0.319600 0.107250 -0.307200
v 0.356594 0.252876 -0.336702
v 0.379457 0.212626 -0.354934
v 0.379457 0.162874 -0.354934
v 0.356594 0.122624 -0.336702
v 0.365730 0.252876 -0.296671
v 0.394240 0.212626 -0.290164
v 0.394240 0.162874 -0.290164
v 0.365730 0.122624 -0.296671
v 0.340130 0.252876 -0.264569
v 0.352818 0.212626 -0.238222
v 0.352818 0.162874 -0.238222
v 0.340130 0.122624 -0.264569
v 0.299070 0.252876 -0.264569
v 0.286382 0.212626 -0.238222
v 0.286382 0.162874 -0.238222
v 0.299070 0.122624 -0.264569
v 0.273470 0.252876 -0.296671
v 0.244959 0.212626 -0.290164
v 0.244959 0.162874 -0.290164
v 0.273470 0.122624 -0.296671
v 0.282606 0.252876 -0.336702
v 0.259743 0.212626 -0.354934
v 0.259743 0.162874 -0.354934
v 0.282606 0.122624 -0.336702
v -0.423000 0.417500 0.413600
v -0.423000 0.502500 0.413600
v -0.423000 0.417500 -0.373600
v -0.423000 0.502500 -0.373600
v 0.423000 0.417500 0.413600
v 0.423000 0.502500 0.413600
v 0.423000 0.417500 -0.373600
v 0.423000 0.502500 -0.373600
v -0.363780 0.490000 0.350000
v 0.363780 0.490000 0.350000
v -0.363780 0.463418 0.362801
v 0.363780 0.463418 0.362801
v -0.363780 0.456852 0.391566
v 0.363780 0.456852 0.391566
v -0.363780 0.475248 0.414633
v 0.363780 0.475248 0.414633
v -0.363780 0.504752 0.414633
v 0.363780 0.504752 0.414633
v -0.363780 0.523148 0.391566
v 0.363780 0.523148 0.391566
v -0.363780 0.516582 0.362801
v 0.363780 0.516582 0.362801
v 0.423280 0.490000 0.384000
v 0.411916 0.490000 0.349027
v 0.382167 0.490000 0.327412
v 0.345393 0.490000 0.327412
v 0.315643 0.490000 0.349027
v 0.304280 0.490000 0.384000
v 0.411916 0.462657 0.362195
v 0.382167 0.445758 0.348718
v 0.345393 0.445758 0.348718
v 0.315643 0.462657 0.362195
v 0.411916 0.455904 0.391782
v 0.382167 0.434831 0.396592
v 0.345393 0.434831 0.396592
v 0.315643 0.455904 0.391782
v 0.411916 0.474826 0.415510
v 0.382167 0.465447 0.434984
v 0.345393 0.465447 0.434984
v 0.315643 0.474826 0.415510
v 0.411916 0.505174 0.415510
v 0.382167 0.514553 0.434984
v 0.345393 0.514553 0.434984
v 0.315643 0.505174 0.415510
v 0.411916 0.524096 0.391782
v 0.382167 0.545169 0.396592
v 0.345393 0.545169 0.396592
v 0.315643 0.524096 0.391782
v 0.411916 0.517343 0.362195
v 0.382167 0.534242 0.348718
v 0.345393 0.534242 0.348718
v 0.315643 0.517343 0.362195
v -0.304280 0.490000 0.384000
v -0.315643 0.490000 0.349027
v -0.345393 0.490000 0.327412
v -0.382167 0.490000 0.327412
v -0.411916 0.490000 0.349027
v -0.423280 0.490000 0.384000
v -0.315643 0.462657 0.362195
v -0.345393 0.445758 0.348718
v -0.382167 0.445758 0.348718
v -0.411916 0.462657 0.362195
v -0.315643 0.455904 0.391782
v -0.345393 0.434831 0.396592
v -0.382167 0.434831 0.396592
v -0.411916 0.455904 0.391782
v -0.315643 0.474826 0.415510
v -0.345393 0.465447 0.434984
v -0.382167 0.465447 0.434984
v -0.411916 0.474826 0.415510
v -0.315643 0.505174 0.415510
v -0.345393 0.514553 0.434984
v -0.382167 0.514553 0.434984
v -0.411916 0.505174 0.415510
v -0.315643 0.524096 0.391782
v -0.345393 0.545169 0.396592
v -0.382167 0.545169 0.396592
v -0.411916 0.524096 0.391782
v -0.315643 0.517343 0.362195
v -0.345393 0.534242 0.348718
v -0.382167 0.534242 0.348718
v -0.411916 0.517343 0.362195
v -0.338400 0.460000 -0.328900
v -0.338400 1.850000 -0.328900
v -0.338400 0.460000 -0.383900
v -0.338400 1.850000 -0.383900
v 0.338400 0.460000 -0.328900
v 0.338400 1.850000 -0.328900
v 0.338400 0.460000 -0.383900
v 0.338400 1.850000 -0.383900
v 0.000000 0.569254 -0.333400
v 0.000000 1.740746 -0.333400
v 0.032837 0.569254 -0.317587
v 0.032837 1.740746 -0.317587
v 0.040947 0.569254 -0.282054
v 0.040947 1.740746 -0.282054
v 0.018223 0.569254 -0.253559
v 0.018223 1.740746 -0.253559
v -0.018223 0.569254 -0.253559
v -0.018223 1.740746 -0.253559
v -0.040947 0.569254 -0.282054
v -0.040947 1.740746 -0.282054
v -0.032837 0.569254 -0.317587
v -0.032837 1.740746 -0.317587
v 0.000000 1.814246 -0.291400
v 0.000000 1.800209 -0.334602
v 0.000000 1.763459 -0.361303
v 0.000000 1.718033 -0.361303
v 0.000000 1.681283 -0.334602
v 0.000000 1.667246 -0.291400
v 0.033777 1.800209 -0.318336
v 0.054652 1.763459 -0.334984
v 0.054652 1.718033 -0.334984
v 0.033777 1.681283 -0.318336
v 0.042119 1.800209 -0.281787
v 0.068150 1.763459 -0.275845
v 0.068150 1.718033 -0.275845
v 0.042119 1.681283 -0.281787
v 0.018745 1.800209 -0.252476
v 0.030330 1.763459 -0.228420
v 0.030330 1.718033 -0.228420
v 0.018745 1.681283 -0.252476
v -0.018745 1.800209 -0.252476
v -0.030330 1.763459 -0.228420
v -0.030330 1.718033 -0.228420
v -0.018745 1.681283 -0.252476
v -0.042119 1.800209 -0.281787
v -0.068150 1.763459 -0.275845
v -0.068150 1.718033 -0.275845
v -0.042119 1.681283 -0.281787
v -0.033777 1.800209 -0.318336
v -0.054652 1.763459 -0.334984
v -0.054652 1.718033 -0.334984
v -0.033777 1.681283 -0.318336
v 0.000000 0.642754 -0.291400
v 0.000000 0.628717 -0.334602
v 0.000000 0.591967 -0.361303
v 0.000000 0.546541 -0.361303
v 0.000000 0.509791 -0.334602
v 0.000000 0.495754 -0.291400
v 0.033777 0.628717 -0.318336
v 0.054652 0.591967 -0.334984
v 0.054652 0.546541 -0.334984
v 0.033777 0.509791 -0.318336
v 0.042119 0.628717 -0.281787
v 0.068150 0.591967 -0.275845
v 0.068150 0.546541 -0.275845
v 0.042119 0.509791 -0.281787
v 0.018745 0.628717 -0.252476
v 0.030330 0.591967 -0.228420
v 0.030330 0.546541 -0.228420
v 0.018745 0.509791 -0.252476
v -0.018745 0.628717 -0.252476
v -0.030330 0.591967 -0.228420
v -0.030330 0.546541 -0.228420
v -0.018745 0.509791 -0.252476
v -0.042119 0.628717 -0.281787
v -0.068150 0.591967 -0.275845
v -0.068150 0.546541 -0.275845
v -0.042119 0.509791 -0.281787
v -0.033777 0.628717 -0.318336
v -0.054652 0.591967 -0.334984
v -0.054652 0.546541 -0.334984
v -0.033777 0.509791 -0.318336
v -0.376000 0.557300 -0.374400
v -0.376000 1.752700 -0.374400
v -0.338472 0.557300 -0.356327
v -0.338472 1.752700 -0.356327
v -0.329203 0.557300 -0.315719
v -0.329203 1.752700 -0.315719
v -0.355174 0.557300 -0.283153
v -0.355174 1.752700 -0.283153
v -0.396826 0.557300 -0.283153
v -0.396826 1.752700 -0.283153
v -0.422797 0.557300 -0.315719
v -0.422797 1.752700 -0.315719
v -0.413528 0.557300 -0.356327
v -0.413528 1.752700 -0.356327
v -0.376000 1.836850 -0.326400
v -0.376000 1.820657 -0.375774
v -0.376000 1.778657 -0.406289
v -0.376000 1.726743 -0.406289
v -0.376000 1.684743 -0.375774
v -0.376000 1.668700 -0.326400
v -0.337398 1.820657 -0.357184
v -0.313540 1.778657 -0.376210
v -0.313540 1.726743 -0.376210
v -0.337398 1.684743 -0.357184
v -0.327864 1.820657 -0.315413
v -0.298114 1.778657 -0.308623
v -0.298114 1.726743 -0.308623
v -0.327864 1.684743 -0.315413
v -0.354577 1.820657 -0.281916
v -0.341338 1.778657 -0.254423
v -0.341338 1.726743 -0.254423
v -0.354577 1.684743 -0.281916
v -0.397423 1.820657 -0.281916
v -0.410662 1.778657 -0.254423
v -0.410662 1.726743 -0.254423
v -0.397423 1.684743 -0.281916
v -0.424136 1.820657 -0.315413
v -0.453886 1.778657 -0.308623
v -0.453886 1.726743 -0.308623
v -0.424136 1.684743 -0.315413
v -0.414602 1.820657 -0.357184
v -0.438460 1.778657 -0.376210
v -0.438460 1.726743 -0.376210
v -0.414602 1.684743 -0.357184
v -0.376000 0.641300 -0.326400
v -0.376000 0.625257 -0.375774
v -0.376000 0.583257 -0.406289
v -0.376000 0.531343 -0.406289
v -0.376000 0.489343 -0.375774
v -0.376000 0.473300 -0.326400
v -0.337398 0.625257 -0.357184
v -0.313540 0.583257 -0.376210
v -0.313540 0.531343 -0.376210
v -0.337398 0.489343 -0.357184
v -0.327864 0.625257 -0.315413
v -0.298114 0.583257 -0.308623
v -0.298114 0.531343 -0.308623
v -0.327864 0.489343 -0.315413
v -0.354577 0.625257 -0.281916
v -0.341338 0.583257 -0.254423
v -0.341338 0.531343 -0.254423
v -0.354577 0.489343 -0.281916
v -0.397423 0.625257 -0.281916
v -0.410662 0.583257 -0.254423
v -0.410662 0.531343 -0.254423
v -0.397423 0.489343 -0.281916
v -0.424136 0.625257 -0.315413
v -0.453886 0.583257 -0.308623
v -0.453886 0.531343 -0.308623
v -0.424136 0.489343 -0.315413
v -0.414602 0.625257 -0.357184
v -0.438460 0.583257 -0.376210
v -0.438460 0.531343 -0.376210
v -0.414602 0.489343 -0.357184
v 0.376000 0.557300 -0.374400
v 0.376000 1.752700 -0.374400
v 0.413528 0.557300 -0.356327
v 0.413528 1.752700 -0.356327
v 0.422797 0.557300 -0.315719
v 0.422797 1.752700 -0.315719
v 0.396826 0.557300 -0.283153
v 0.396826 1.752700 -0.283153
v 0.355174 0.557300 -0.283153
v 0.355174 1.752700 -0.283153
v 0.329203 0.557300 -0.315719
v 0.329203 1.752700 -0.315719
v 0.338472 0.557300 -0.356327
v 0.338472 1.752700 -0.356327
v 0.376000 1.836850 -0.326400
v 0.376000 1.820657 -0.375774
v 0.376000 1.778657 -0.406289
v 0.376000 1.726743 -0.406289
v 0.376000 1.684743 -0.375774
v 0.376000 1.668700 -0.326400
v 0.414602 1.820657 -0.357184
v 0.438460 1.778657 -0.376210
v 0.438460 1.726743 -0.376210
v 0.414602 1.684743 -0.357184
v 0.424136 1.820657 -0.315413
v 0.453886 1.778657 -0.308623
v 0.453886 1.726743 -0.308623
v 0.424136 1.684743 -0.315413
v 0.397423 1.820657 -0.281916
v 0.410662 1.778657 -0.254423
v 0.410662 1.726743 -0.254423
v 0.397423 1.684743 -0.281916
v 0.354577 1.820657 -0.281916
v 0.341338 1.778657 -0.254423
v 0.341338 1.726743 -0.254423
v 0.354577 1.684743 -0.281916
v 0.327864 1.820657 -0.315413
v 0.298114 1.778657 -0.308623
v 0.298114 1.726743 -0.308623
v 0.327864 1.684743 -0.315413
v 0.337398 1.820657 -0.357184
v 0.313540 1.778657 -0.376210
v 0.313540 1.726743 -0.376210
v 0.337398 1.684743 -0.357184
v 0.376000 0.641300 -0.326400
v 0.376000 0.625257 -0.375774
v 0.376000 0.583257 -0.406289
v 0.376000 0.531343 -0.406289
v 0.376000 0.489343 -0.375774
v 0.376000 0.473300 -0.326400
v 0.414602 0.625257 -0.357184
v 0.438460 0.583257 -0.376210
v 0.438460 0.531343 -0.376210
v 0.414602 0.489343 -0.357184
v 0.424136 0.625257 -0.315413
v 0.453886 0.583257 -0.308623
v 0.453886 0.531343 -0.308623
v 0.424136 0.489343 -0.315413
v 0.397423 0.625257 -0.281916
v 0.410662 0.583257 -0.254423
v 0.410662 0.531343 -0.254423
v 0.397423 0.489343 -0.281916
v 0.354577 0.625257 -0.281916
v 0.341338 0.583257 -0.254423
v 0.341338 0.531343 -0.254423
v 0.354577 0.489343 -0.281916
v 0.327864 0.625257 -0.315413
v 0.298114 0.583257 -0.308623
v 0.298114 0.531343 -0.308623
v 0.327864 0.489343 -0.315413
v 0.337398 0.625257 -0.357184
v 0.313540 0.583257 -0.376210
v 0.313540 0.531343 -0.376210
v 0.337398 0.489343 -0.357184
v -0.310200 1.830000 -0.392400
v -0.279023 1.830000 -0.374400
v -0.279023 1.830000 -0.338400
v -0.310200 1.830000 -0.320400
v -0.341377 1.830000 -0.338400
v -0.341377 1.830000 -0.374400
v -0.310200 1.970000 -0.356400
v -0.206800 1.830000 -0.392400
v -0.175623 1.830000 -0.374400
v -0.175623 1.830000 -0.338400
v -0.206800 1.830000 -0.320400
v -0.237977 1.830000 -0.338400
v -0.237977 1.830000 -0.374400
v -0.103400 1.830000 -0.392400
v -0.072223 1.830000 -0.374400
v -0.072223 1.830000 -0.338400
v -0.103400 1.830000 -0.320400
v -0.134577 1.830000 -0.338400
v -0.134577 1.830000 -0.374400
v -0.103400 2.103333 -0.356400
v 0.103400 1.830000 -0.392400
v 0.134577 1.830000 -0.374400
v 0.134577 1.830000 -0.338400
v 0.103400 1.830000 -0.320400
v 0.072223 1.830000 -0.338400
v 0.072223 1.830000 -0.374400
v 0.103400 2.103333 -0.356400
v 0.206800 1.830000 -0.392400
v 0.237977 1.830000 -0.374400
v 0.237977 1.830000 -0.338400
v 0.206800 1.830000 -0.320400
v 0.175623 1.830000 -0.338400
v 0.175623 1.830000 -0.374400
v 0.310200 1.830000 -0.392400
v 0.341377 1.830000 -0.374400
v 0.341377 1.830000 -0.338400
v 0.310200 1.830000 -0.320400
v 0.279023 1.830000 -0.338400
v 0.279023 1.830000 -0.374400
v 0.310200 1.970000 -0.356400
v -0.359594 0.600000 -0.305649
v -0.199568 0.600000 -0.269442
v -0.362683 0.575751 -0.291995
v -0.202658 0.575751 -0.255787
v -0.368862 0.575751 -0.264685
v -0.208837 0.575751 -0.228477
v -0.371952 0.600000 -0.251030
v -0.211926 0.600000 -0.214822
v -0.368862 0.624249 -0.264685
v -0.208837 0.624249 -0.228477
v -0.362683 0.624249 -0.291995
v -0.202658 0.624249 -0.255787
v -0.219015 0.600000 -0.273001
v -0.058989 0.600000 -0.250623
v -0.220954 0.575751 -0.259136
v -0.060928 0.575751 -0.236758
v -0.224832 0.575751 -0.231406
v -0.064806 0.575751 -0.209028
v -0.226771 0.600000 -0.217540
v -0.066745 0.600000 -0.195163
v -0.224832 0.624249 -0.231406
v -0.064806 0.624249 -0.209028
v -0.220954 0.624249 -0.259136
v -0.060928 0.624249 -0.236758
v -0.080013 0.600000 -0.252092
v 0.080013 0.600000 -0.252092
v -0.080013 0.575751 -0.238092
v 0.080013 0.575751 -0.238092
v -0.080013 0.575751 -0.210092
v 0.080013 0.575751 -0.210092
v -0.080013 0.600000 -0.196092
v 0.080013 0.600000 -0.196092
v -0.080013 0.624249 -0.210092
v 0.080013 0.624249 -0.210092
v -0.080013 0.624249 -0.238092
v 0.080013 0.624249 -0.238092
v 0.058989 0.600000 -0.250623
v 0.219015 0.600000 -0.273001
v 0.060928 0.575751 -0.236758
v 0.220954 0.575751 -0.259136
v 0.064806 0.575751 -0.209028
v 0.224832 0.575751 -0.231405
v 0.066745 0.600000 -0.195163
v 0.226770 0.600000 -0.217540
v 0.064806 0.624249 -0.209028
v 0.224832 0.624249 -0.231405
v 0.060928 0.624249 -0.236758
v 0.220954 0.624249 -0.259136
v 0.199568 0.600000 -0.269442
v 0.359594 0.600000 -0.305649
v 0.202658 0.575751 -0.255787
v 0.362683 0.575751 -0.291995
v 0.208837 0.575751 -0.228477
v 0.368862 0.575751 -0.264685
v 0.211926 0.600000 -0.214822
v 0.371952 0.600000 -0.251030
v 0.208837 0.624249 -0.228477
v 0.368862 0.624249 -0.264685
v 0.202658 0.624249 -0.255787
v 0.362683 0.624249 -0.291995
v -0.357200 0.642000 -0.276400
v -0.357200 0.629699 -0.306099
v -0.357200 0.600000 -0.318400
v -0.357200 0.570302 -0.306099
v -0.357200 0.558000 -0.276400
v -0.331480 0.629699 -0.291249
v -0.320827 0.600000 -0.297400
v -0.331480 0.570302 -0.291249
v -0.331480 0.629699 -0.261551
v -0.320827 0.600000 -0.255400
v -0.331480 0.570302 -0.261551
v -0.357200 0.629699 -0.246702
v -0.357200 0.600000 -0.234400
v -0.357200 0.570302 -0.246702
v -0.382920 0.629699 -0.261551
v -0.393573 0.600000 -0.255400
v -0.382920 0.570302 -0.261551
v -0.382920 0.629699 -0.291249
v -0.393573 0.600000 -0.297400
v -0.382920 0.570302 -0.291249
v 0.357200 0.642000 -0.276400
v 0.357200 0.629699 -0.306098
v 0.357200 0.600000 -0.318400
v 0.357200 0.570302 -0.306098
v 0.357200 0.558000 -0.276400
v 0.382920 0.629699 -0.291249
v 0.393573 0.600000 -0.297400
v 0.382920 0.570302 -0.291249
v 0.382920 0.629699 -0.261551
v 0.393573 0.600000 -0.255400
v 0.382920 0.570302 -0.261551
v 0.357200 0.629699 -0.246702
v 0.357200 0.600000 -0.234400
v 0.357200 0.570302 -0.246702
v 0.331480 0.629699 -0.261551
v 0.320827 0.600000 -0.255400
v 0.331480 0.570302 -0.261551
v 0.331480 0.629699 -0.291249
v 0.320827 0.600000 -0.297400
v 0.331480 0.570302 -0.291249
v -0.343654 0.781667 -0.305555
v -0.190647 0.781667 -0.271542
v -0.346692 0.757418 -0.291889
v -0.193685 0.757418 -0.257875
v -0.352768 0.757418 -0.264556
v -0.199761 0.757418 -0.230543
v -0.355806 0.781667 -0.250889
v -0.202799 0.781667 -0.216876
v -0.352768 0.805915 -0.264556
v -0.199761 0.805915 -0.230543
v -0.346692 0.805915 -0.291889
v -0.193685 0.805915 -0.257875
v -0.209306 0.781667 -0.274897
v -0.056299 0.781667 -0.253875
v -0.211211 0.757418 -0.261027
v -0.058204 0.757418 -0.240006
v -0.215022 0.757418 -0.233288
v -0.062015 0.757418 -0.212266
v -0.216928 0.781667 -0.219418
v -0.063921 0.781667 -0.198397
v -0.215022 0.805915 -0.233288
v -0.062015 0.805915 -0.212266
v -0.211211 0.805915 -0.261027
v -0.058204 0.805915 -0.240006
v -0.076503 0.781667 -0.255262
v 0.076503 0.781667 -0.255262
v -0.076503 0.757418 -0.241262
v 0.076503 0.757418 -0.241262
v -0.076503 0.757418 -0.213262
v 0.076503 0.757418 -0.213262
v -0.076503 0.781667 -0.199262
v 0.076503 0.781667 -0.199262
v -0.076503 0.805915 -0.213262
v 0.076503 0.805915 -0.213262
v -0.076503 0.805915 -0.241262
v 0.076503 0.805915 -0.241262
v 0.056299 0.781667 -0.253875
v 0.209306 0.781667 -0.274897
v 0.058204 0.757418 -0.240006
v 0.211211 0.757418 -0.261027
v 0.062015 0.757418 -0.212266
v 0.215022 0.757418 -0.233288
v 0.063921 0.781667 -0.198397
v 0.216928 0.781667 -0.219418
v 0.062015 0.805915 -0.212266
v 0.215022 0.805915 -0.233288
v 0.058204 0.805915 -0.240006
v 0.211211 0.805915 -0.261027
v 0.190647 0.781667 -0.271542
v 0.343654 0.781667 -0.305555
v 0.193685 0.757418 -0.257875
v 0.346692 0.757418 -0.291889
v 0.199761 0.757418 -0.230543
v 0.352768 0.757418 -0.264556
v 0.202799 0.781667 -0.216876
v 0.355806 0.781667 -0.250889
v 0.199761 0.805915 -0.230543
v 0.352768 0.805915 -0.264556
v 0.193685 0.805915 -0.257875
v 0.346692 0.805915 -0.291889
v -0.341533 0.823667 -0.276400
v -0.341533 0.811365 -0.306098
v -0.341533 0.781667 -0.318400
v -0.341533 0.751968 -0.306098
v -0.341533 0.739667 -0.276400
v -0.315814 0.811365 -0.291249
v -0.305160 0.781667 -0.297400
v -0.315814 0.751968 -0.291249
v -0.315814 0.811365 -0.261551
v -0.305160 0.781667 -0.255400
v -0.315814 0.751968 -0.261551
v -0.341533 0.811365 -0.246701
v -0.341533 0.781667 -0.234400
v -0.341533 0.751968 -0.246701
v -0.367253 0.811365 -0.261551
v -0.377906 0.781667 -0.255400
v -0.367253 0.751968 -0.261551
v -0.367253 0.811365 -0.291249
v -0.377906 0.781667 -0.297400
v -0.367253 0.751968 -0.291249
v 0.341533 0.823667 -0.276400
v 0.341533 0.811365 -0.306099
v 0.341533 0.781667 -0.318400
v 0.341533 0.751968 -0.306099
v 0.341533 0.739667 -0.276400
v 0.367253 0.811365 -0.291249
v 0.377906 0.781667 -0.297400
v 0.367253 0.751968 -0.291249
v 0.367253 0.811365 -0.261551
v 0.377906 0.781667 -0.255400
v 0.367253 0.751968 -0.261551
v 0.341533 0.811365 -0.246702
v 0.341533 0.781667 -0.234400
v 0.341533 0.751968 -0.246702
v 0.315814 0.811365 -0.261551
v 0.305160 0.781667 -0.255400
v 0.315814 0.751968 -0.261551
v 0.315814 0.811365 -0.291249
v 0.305160 0.781667 -0.297400
v 0.315814 0.751968 -0.291249
v -0.327725 0.963333 -0.305462
v -0.181736 0.963333 -0.273644
v -0.330706 0.939085 -0.291783
v -0.184718 0.939085 -0.259965
v -0.336669 0.939085 -0.264426
v -0.190681 0.939085 -0.232607
v -0.339650 0.963333 -0.250747
v -0.193662 0.963333 -0.218928
v -0.336669 0.987582 -0.264426
v -0.190681 0.987582 -0.232607
v -0.330706 0.987582 -0.291783
v -0.184718 0.987582 -0.259965
v -0.199603 0.963333 -0.276793
v -0.053615 0.963333 -0.257128
v -0.201472 0.939085 -0.262919
v -0.055484 0.939085 -0.243253
v -0.205210 0.939085 -0.235169
v -0.059222 0.939085 -0.215504
v -0.207079 0.963333 -0.221294
v -0.061090 0.963333 -0.201629
v -0.205210 0.987582 -0.235169
v -0.059222 0.987582 -0.215504
v -0.201472 0.987582 -0.262919
v -0.055484 0.987582 -0.243253
v -0.072994 0.963333 -0.258432
v 0.072994 0.963333 -0.258432
v -0.072994 0.939085 -0.244432
v 0.072994 0.939085 -0.244432
v -0.072994 0.939085 -0.216432
v 0.072994 0.939085 -0.216432
v -0.072994 0.963333 -0.202432
v 0.072994 0.963333 -0.202432
v -0.072994 0.987582 -0.216432
v 0.072994 0.987582 -0.216432
v -0.072994 0.987582 -0.244432
v 0.072994 0.987582 -0.244432
v 0.053615 0.963333 -0.257128
v 0.199603 0.963333 -0.276793
v 0.055484 0.939085 -0.243253
v 0.201472 0.939085 -0.262919
v 0.059222 0.939085 -0.215504
v 0.205210 0.939085 -0.235169
v 0.061090 0.963333 -0.201629
v 0.207079 0.963333 -0.221294
v 0.059222 0.987582 -0.215504
v 0.205210 0.987582 -0.235169
v 0.055484 0.987582 -0.243253
v 0.201472 0.987582 -0.262919
v 0.181736 0.963333 -0.273644
v 0.327725 0.963333 -0.305462
v 0.184718 0.939085 -0.259965
v 0.330706 0.939085 -0.291783
v 0.190681 0.939085 -0.232607
v 0.336669 0.939085 -0.264426
v 0.193662 0.963333 -0.218928
v 0.339650 0.963333 -0.250747
v 0.190681 0.987582 -0.232607
v 0.336669 0.987582 -0.264426
v 0.184718 0.987582 -0.259965
v 0.330706 0.987582 -0.291783
v -0.325867 1.005333 -0.276400
v -0.325867 0.993032 -0.306099
v -0.325867 0.963333 -0.318400
v -0.325867 0.933635 -0.306099
v -0.325867 0.921333 -0.276400
v -0.300147 0.993032 -0.291249
v -0.289494 0.963333 -0.297400
v -0.300147 0.933635 -0.291249
v -0.300147 0.993032 -0.261551
v -0.289494 0.963333 -0.255400
v -0.300147 0.933635 -0.261551
v -0.325867 0.993032 -0.246702
v -0.325867 0.963333 -0.234400
v -0.325867 0.933635 -0.246702
v -0.351586 0.993032 -0.261551
v -0.362240 0.963333 -0.255400
v -0.351586 0.933635 -0.261551
v -0.351586 0.993032 -0.291249
v -0.362240 0.963333 -0.297400
v -0.351586 0.933635 -0.291249
v 0.325867 1.005333 -0.276400
v 0.325867 0.993032 -0.306099
v 0.325867 0.963333 -0.318400
v 0.325867 0.933635 -0.306099
v 0.325867 0.921333 -0.276400
v 0.351586 0.993032 -0.291249
v 0.362240 0.963333 -0.297400
v 0.351586 0.933635 -0.291249
v 0.351586 0.993032 -0.261551
v 0.362240 0.963333 -0.255400
v 0.351586 0.933635 -0.261551
v 0.325867 0.993032 -0.246702
v 0.325867 0.963333 -0.234400
v 0.325867 0.933635 -0.246702
v 0.300147 0.993032 -0.261551
v 0.289494 0.963333 -0.255400
v 0.300147 0.933635 -0.261551
v 0.300147 0.993032 -0.291249
v 0.289494 0.963333 -0.297400
v 0.300147 0.933635 -0.291249
v -0.311807 1.145000 -0.305372
v -0.172838 1.145000 -0.275747
v -0.314726 1.120751 -0.291679
v -0.175756 1.120751 -0.262055
v -0.320564 1.120751 -0.264295
v -0.181594 1.120751 -0.234670
v -0.323482 1.145000 -0.250602
v -0.184513 1.145000 -0.220978
v -0.320564 1.169249 -0.264295
v -0.181594 1.169249 -0.234670
v -0.314726 1.169249 -0.291679
v -0.175756 1.169249 -0.262055
v -0.189907 1.145000 -0.278691
v -0.050938 1.145000 -0.260382
v -0.191736 1.120751 -0.264811
v -0.052767 1.120751 -0.246502
v -0.195393 1.120751 -0.237050
v -0.056424 1.120751 -0.218742
v -0.197222 1.145000 -0.223170
v -0.058253 1.145000 -0.204862
v -0.195393 1.169249 -0.237050
v -0.056424 1.169249 -0.218742
v -0.191736 1.169249 -0.264811
v -0.052767 1.169249 -0.246502
v -0.069485 1.145000 -0.261602
v 0.069485 1.145000 -0.261602
v -0.069485 1.120751 -0.247603
v 0.069485 1.120751 -0.247603
v -0.069485 1.120751 -0.219603
v 0.069485 1.120751 -0.219602
v -0.069485 1.145000 -0.205602
v 0.069485 1.145000 -0.205602
v -0.069485 1.169249 -0.219603
v 0.069485 1.169249 -0.219602
v -0.069485 1.169249 -0.247603
v 0.069485 1.169249 -0.247603
v 0.050938 1.145000 -0.260382
v 0.189908 1.145000 -0.278691
v 0.052767 1.120751 -0.246502
v 0.191736 1.120751 -0.264811
v 0.056424 1.120751 -0.218742
v 0.195393 1.120751 -0.237050
v 0.058253 1.145000 -0.204862
v 0.197222 1.145000 -0.223170
v 0.056424 1.169249 -0.218742
v 0.195393 1.169249 -0.237050
v 0.052767 1.169249 -0.246502
v 0.191736 1.169249 -0.264811
v 0.172838 1.145000 -0.275747
v 0.311807 1.145000 -0.305372
v 0.175756 1.120751 -0.262055
v 0.314726 1.120751 -0.291679
v 0.181594 1.120751 -0.234670
v 0.320564 1.120751 -0.264295
v 0.184513 1.145000 -0.220978
v 0.323482 1.145000 -0.250602
v 0.181594 1.169249 -0.234670
v 0.320564 1.169249 -0.264295
v 0.175756 1.169249 -0.262055
v 0.314726 1.169249 -0.291679
v -0.310200 1.187000 -0.276400
v -0.310200 1.174698 -0.306099
v -0.310200 1.145000 -0.318400
v -0.310200 1.115301 -0.306099
v -0.310200 1.103000 -0.276400
v -0.284480 1.174698 -0.291249
v -0.273827 1.145000 -0.297400
v -0.284480 1.115301 -0.291249
v -0.284480 1.174698 -0.261551
v -0.273827 1.145000 -0.255400
v -0.284480 1.115301 -0.261551
v -0.310200 1.174698 -0.246702
v -0.310200 1.145000 -0.234400
v -0.310200 1.115301 -0.246702
v -0.335920 1.174698 -0.261551
v -0.346573 1.145000 -0.255400
v -0.335920 1.115301 -0.261551
v -0.335920 1.174698 -0.291249
v -0.346573 1.145000 -0.297400
v -0.335920 1.115301 -0.291249
v 0.310200 1.187000 -0.276400
v 0.310200 1.174698 -0.306099
v 0.310200 1.145000 -0.318400
v 0.310200 1.115301 -0.306099
v 0.310200 1.103000 -0.276400
v 0.335920 1.174698 -0.291249
v 0.346573 1.145000 -0.297400
v 0.335920 1.115301 -0.291249
v 0.335920 1.174698 -0.261551
v 0.346573 1.145000 -0.255400
v 0.335920 1.115301 -0.261551
v 0.310200 1.174698 -0.246702
v 0.310200 1.145000 -0.234400
v 0.310200 1.115301 -0.246702
v 0.284480 1.174698 -0.261551
v 0.273827 1.145000 -0.255400
v 0.284480 1.115301 -0.261551
v 0.284480 1.174698 -0.291249
v 0.273827 1.145000 -0.297400
v 0.284480 1.115301 -0.291249
v -0.295903 1.326667 -0.305283
v -0.163952 1.326667 -0.277853
v -0.298753 1.302418 -0.291576
v -0.166802 1.302418 -0.264147
v -0.304452 1.302418 -0.264162
v -0.172501 1.302418 -0.236733
v -0.307301 1.326667 -0.250456
v -0.175350 1.326667 -0.223026
v -0.304452 1.350915 -0.264162
v -0.172501 1.350915 -0.236733
v -0.298753 1.350915 -0.291576
v -0.166802 1.350915 -0.264147
v -0.180221 1.326667 -0.280589
v -0.048270 1.326667 -0.263636
v -0.182005 1.302418 -0.266703
v -0.050054 1.302418 -0.249750
v -0.185573 1.302418 -0.238931
v -0.053622 1.302418 -0.221979
v -0.187357 1.326667 -0.225045
v -0.055406 1.326667 -0.208093
v -0.185573 1.350915 -0.238931
v -0.053622 1.350915 -0.221979
v -0.182005 1.350915 -0.266703
v -0.050054 1.350915 -0.249750
v -0.065975 1.326667 -0.264773
v 0.065975 1.326667 -0.264773
v -0.065975 1.302418 -0.250773
v 0.065975 1.302418 -0.250773
v -0.065975 1.302418 -0.222773
v 0.065975 1.302418 -0.222773
v -0.065975 1.326667 -0.208773
v 0.065975 1.326667 -0.208773
v -0.065975 1.350915 -0.222773
v 0.065975 1.350915 -0.222773
v -0.065975 1.350915 -0.250773
v 0.065975 1.350915 -0.250773
v 0.048270 1.326667 -0.263636
v 0.180221 1.326667 -0.280589
v 0.050054 1.302418 -0.249750
v 0.182005 1.302418 -0.266703
v 0.053622 1.302418 -0.221979
v 0.185573 1.302418 -0.238931
v 0.055406 1.326667 -0.208093
v 0.187357 1.326667 -0.225045
v 0.053622 1.350915 -0.221979
v 0.185573 1.350915 -0.238931
v 0.050054 1.350915 -0.249750
v 0.182005 1.350915 -0.266703
v 0.163952 1.326667 -0.277853
v 0.295903 1.326667 -0.305283
v 0.166802 1.302418 -0.264146
v 0.298753 1.302418 -0.291576
v 0.172501 1.302418 -0.236733
v 0.304452 1.302418 -0.264162
v 0.175350 1.326667 -0.223026
v 0.307301 1.326667 -0.250456
v 0.172501 1.350915 -0.236733
v 0.304452 1.350915 -0.264162
v 0.166802 1.350915 -0.264146
v 0.298753 1.350915 -0.291576
v -0.294533 1.368667 -0.276400
v -0.294533 1.356365 -0.306098
v -0.294533 1.326667 -0.318400
v -0.294533 1.296968 -0.306098
v -0.294533 1.284667 -0.276400
v -0.268814 1.356365 -0.291249
v -0.258160 1.326667 -0.297400
v -0.268814 1.296968 -0.291249
v -0.268814 1.356365 -0.261551
v -0.258160 1.326667 -0.255400
v -0.268814 1.296968 -0.261551
v -0.294533 1.356365 -0.246702
v -0.294533 1.326667 -0.234400
v -0.294533 1.296968 -0.246702
v -0.320253 1.356365 -0.261551
v -0.330906 1.326667 -0.255400
v -0.320253 1.296968 -0.261551
v -0.320253 1.356365 -0.291249
v -0.330906 1.326667 -0.297400
v -0.320253 1.296968 -0.291249
v 0.294533 1.368667 -0.276400
v 0.294533 1.356365 -0.306098
v 0.294533 1.326667 -0.318400
v 0.294533 1.296968 -0.306098
v 0.294533 1.284667 -0.276400
v 0.320253 1.356365 -0.291249
v 0.330906 1.326667 -0.297400
v 0.320253 1.296968 -0.291249
v 0.320253 1.356365 -0.261551
v 0.330906 1.326667 -0.255400
v 0.320253 1.296968 -0.261551
v 0.294533 1.356365 -0.246702
v 0.294533 1.326667 -0.234400
v 0.294533 1.296968 -0.246702
v 0.268814 1.356365 -0.261551
v 0.258160 1.326667 -0.255400
v 0.268814 1.296968 -0.261551
v 0.268814 1.356365 -0.291249
v 0.258160 1.326667 -0.297400
v 0.268814 1.296968 -0.291249
v -0.280016 1.508333 -0.305198
v -0.155083 1.508333 -0.279962
v -0.282788 1.484085 -0.291475
v -0.157855 1.484085 -0.266239
v -0.288331 1.484085 -0.264029
v -0.163399 1.484085 -0.238793
v -0.291103 1.508333 -0.250306
v -0.166171 1.508333 -0.225071
v -0.288331 1.532582 -0.264029
v -0.163399 1.532582 -0.238793
v -0.282788 1.532582 -0.291475
v -0.157855 1.532582 -0.266239
v -0.170544 1.508333 -0.282488
v -0.045612 1.508333 -0.266892
v -0.172279 1.484085 -0.268596
v -0.047346 1.484085 -0.252999
v -0.175747 1.484085 -0.240812
v -0.050815 1.484085 -0.225215
v -0.177481 1.508333 -0.226919
v -0.052549 1.508333 -0.211323
v -0.175747 1.532582 -0.240812
v -0.050815 1.532582 -0.225215
v -0.172278 1.532582 -0.268596
v -0.047346 1.532582 -0.252999
v -0.062466 1.508333 -0.267943
v 0.062466 1.508333 -0.267943
v -0.062466 1.484085 -0.253943
v 0.062466 1.484085 -0.253943
v -0.062466 1.484085 -0.225943
v 0.062466 1.484085 -0.225943
v -0.062466 1.508333 -0.211943
v 0.062466 1.508333 -0.211943
v -0.062466 1.532582 -0.225943
v 0.062466 1.532582 -0.225943
v -0.062466 1.532582 -0.253943
v 0.062466 1.532582 -0.253943
v 0.045612 1.508333 -0.266892
v 0.170544 1.508333 -0.282488
v 0.047346 1.484085 -0.252999
v 0.172279 1.484085 -0.268596
v 0.050815 1.484085 -0.225215
v 0.175747 1.484085 -0.240812
v 0.052549 1.508333 -0.211323
v 0.177481 1.508333 -0.226919
v 0.050815 1.532582 -0.225215
v 0.175747 1.532582 -0.240812
v 0.047346 1.532582 -0.252999
v 0.172279 1.532582 -0.268596
v 0.155083 1.508333 -0.279962
v 0.280016 1.508333 -0.305198
v 0.157855 1.484085 -0.266239
v 0.282788 1.484085 -0.291475
v 0.163399 1.484085 -0.238793
v 0.288331 1.484085 -0.264029
v 0.166171 1.508333 -0.225071
v 0.291103 1.508333 -0.250306
v 0.163399 1.532582 -0.238793
v 0.288331 1.532582 -0.264029
v 0.157855 1.532582 -0.266239
v 0.282788 1.532582 -0.291475
v -0.278867 1.550333 -0.276400
v -0.278867 1.538032 -0.306099
v -0.278867 1.508333 -0.318400
v -0.278867 1.478635 -0.306099
v -0.278867 1.466333 -0.276400
v -0.253147 1.538032 -0.291249
v -0.242494 1.508333 -0.297400
v -0.253147 1.478635 -0.291249
v -0.253147 1.538032 -0.261551
v -0.242494 1.508333 -0.255400
v -0.253147 1.478635 -0.261551
v -0.278867 1.538032 -0.246702
v -0.278867 1.508333 -0.234400
v -0.278867 1.478635 -0.246702
v -0.304586 1.538032 -0.261551
v -0.315240 1.508333 -0.255400
v -0.304586 1.478635 -0.261551
v -0.304586 1.538032 -0.291249
v -0.315240 1.508333 -0.297400
v -0.304586 1.478635 -0.291249
v 0.278867 1.550333 -0.276400
v 0.278867 1.538032 -0.306099
v 0.278867 1.508333 -0.318400
v 0.278867 1.478635 -0.306099
v 0.278867 1.466333 -0.276400
v 0.304586 1.538032 -0.291249
v 0.315240 1.508333 -0.297400
v 0.304586 1.478635 -0.291249
v 0.304586 1.538032 -0.261551
v 0.315240 1.508333 -0.255400
v 0.304586 1.478635 -0.261551
v 0.278867 1.538032 -0.246702
v 0.278867 1.508333 -0.234400
v 0.278867 1.478635 -0.246702
v 0.253147 1.538032 -0.261551
v 0.242494 1.508333 -0.255400
v 0.253147 1.478635 -0.261551
v 0.253147 1.538032 -0.291249
v 0.242494 1.508333 -0.297400
v 0.253147 1.478635 -0.291249
v -0.264147 1.690000 -0.305115
v -0.146233 1.690000 -0.282073
v -0.266832 1.665751 -0.291375
v -0.148918 1.665751 -0.268333
v -0.272202 1.665751 -0.263894
v -0.154288 1.665751 -0.240853
v -0.274887 1.690000 -0.250154
v -0.156973 1.690000 -0.227113
v -0.272202 1.714249 -0.263894
v -0.154288 1.714249 -0.240853
v -0.266832 1.714249 -0.291375
v -0.148918 1.714249 -0.268333
v -0.160880 1.690000 -0.284388
v -0.042966 1.690000 -0.270148
v -0.162558 1.665751 -0.270489
v -0.044645 1.665751 -0.256249
v -0.165915 1.665751 -0.242691
v -0.048002 1.665751 -0.228451
v -0.167594 1.690000 -0.228792
v -0.049680 1.690000 -0.214552
v -0.165915 1.714249 -0.242691
v -0.048002 1.714249 -0.228451
v -0.162558 1.714249 -0.270489
v -0.044645 1.714249 -0.256249
v -0.058957 1.690000 -0.271113
v 0.058957 1.690000 -0.271113
v -0.058957 1.665751 -0.257113
v 0.058957 1.665751 -0.257113
v -0.058957 1.665751 -0.229113
v 0.058957 1.665751 -0.229113
v -0.058957 1.690000 -0.215113
v 0.058957 1.690000 -0.215113
v -0.058957 1.714249 -0.229113
v 0.058957 1.714249 -0.229113
v -0.058957 1.714249 -0.257113
v 0.058957 1.714249 -0.257113
v 0.042966 1.690000 -0.270148
v 0.160880 1.690000 -0.284388
v 0.044645 1.665751 -0.256249
v 0.162558 1.665751 -0.270489
v 0.048002 1.665751 -0.228451
v 0.165915 1.665751 -0.242691
v 0.049680 1.690000 -0.214552
v 0.167594 1.690000 -0.228792
v 0.048002 1.714249 -0.228451
v 0.165915 1.714249 -0.242691
v 0.044645 1.714249 -0.256249
v 0.162558 1.714249 -0.270489
v 0.146233 1.690000 -0.282073
v 0.264147 1.690000 -0.305115
v 0.148918 1.665751 -0.268333
v 0.266832 1.665751 -0.291375
v 0.154288 1.665751 -0.240853
v 0.272202 1.665751 -0.263894
v 0.156973 1.690000 -0.227113
v 0.274887 1.690000 -0.250154
v 0.154288 1.714249 -0.240853
v 0.272202 1.714249 -0.263894
v 0.148918 1.714249 -0.268333
v 0.266832 1.714249 -0.291375
v -0.263200 1.732000 -0.276400
v -0.263200 1.719699 -0.306098
v -0.263200 1.690000 -0.318400
v -0.263200 1.660302 -0.306098
v -0.263200 1.648000 -0.276400
v -0.237480 1.719699 -0.291249
v -0.226827 1.690000 -0.297400
v -0.237480 1.660302 -0.291249
v -0.237480 1.719699 -0.261551
v -0.226827 1.690000 -0.255400
v -0.237480 1.660302 -0.261551
v -0.263200 1.719699 -0.246702
v -0.263200 1.690000 -0.234400
v -0.263200 1.660302 -0.246702
v -0.288920 1.719699 -0.261551
v -0.299573 1.690000 -0.255400
v -0.288920 1.660302 -0.261551
v -0.288920 1.719699 -0.291249
v -0.299573 1.690000 -0.297400
v -0.288920 1.660302 -0.291249
v 0.263200 1.732000 -0.276400
v 0.263200 1.719699 -0.306099
v 0.263200 1.690000 -0.318400
v 0.263200 1.660302 -0.306099
v 0.263200 1.648000 -0.276400
v 0.288920 1.719699 -0.291249
v 0.299573 1.690000 -0.297400
v 0.288920 1.660302 -0.291249
v 0.288920 1.719699 -0.261551
v 0.299573 1.690000 -0.255400
v 0.288920 1.660302 -0.261551
v 0.263200 1.719699 -0.246702
v 0.263200 1.690000 -0.234400
v 0.263200 1.660302 -0.246702
v 0.237480 1.719699 -0.261551
v 0.226827 1.690000 -0.255400
v 0.237480 1.660302 -0.261551
v 0.237480 1.719699 -0.291249
v 0.226827 1.690000 -0.297400
v 0.237480 1.660302 -0.291249
v -0.376000 0.778000 -0.258960
v -0.376000 0.778000 0.318960
v -0.346290 0.763693 -0.258960
v -0.346290 0.763693 0.318960
v -0.338953 0.731544 -0.258960
v -0.338953 0.731544 0.318960
v -0.359512 0.705763 -0.258960
v -0.359512 0.705763 0.318960
v -0.392488 0.705763 -0.258960
v -0.392488 0.705763 0.318960
v -0.413047 0.731544 -0.258960
v -0.413047 0.731544 0.318960
v -0.405710 0.763693 -0.258960
v -0.405710 0.763693 0.318960
v -0.376000 0.740000 0.385460
v -0.376000 0.779088 0.372760
v -0.376000 0.779088 0.265160
v -0.376000 0.740000 0.252460
v -0.345440 0.764371 0.372760
v -0.326553 0.779433 0.339510
v -0.326553 0.779433 0.298410
v -0.345440 0.764371 0.265160
v -0.337892 0.731302 0.372760
v -0.314340 0.725927 0.339510
v -0.314340 0.725927 0.298410
v -0.337892 0.731302 0.265160
v -0.359040 0.704783 0.372760
v -0.348559 0.683018 0.339510
v -0.348559 0.683018 0.298410
v -0.359040 0.704783 0.265160
v -0.392960 0.704783 0.372760
v -0.403441 0.683018 0.339510
v -0.403441 0.683018 0.298410
v -0.392960 0.704783 0.265160
v -0.414108 0.731302 0.372760
v -0.437660 0.725927 0.339510
v -0.437660 0.725927 0.298410
v -0.414108 0.731302 0.265160
v -0.406560 0.764371 0.372760
v -0.425447 0.779433 0.339510
v -0.425447 0.779433 0.298410
v -0.406560 0.764371 0.265160
v -0.376000 0.803245 0.339510
v -0.376000 0.803245 0.298410
v -0.376000 0.740000 -0.192460
v -0.376000 0.779088 -0.205160
v -0.376000 0.779088 -0.312760
v -0.376000 0.740000 -0.325460
v -0.345440 0.764371 -0.205160
v -0.326553 0.779433 -0.238410
v -0.326553 0.779433 -0.279510
v -0.345440 0.764371 -0.312760
v -0.337892 0.731302 -0.205160
v -0.314340 0.725927 -0.238410
v -0.314340 0.725927 -0.279510
v -0.337892 0.731302 -0.312760
v -0.359040 0.704783 -0.205160
v -0.348559 0.683018 -0.238410
v -0.348559 0.683018 -0.279510
v -0.359040 0.704783 -0.312760
v -0.392960 0.704783 -0.205160
v -0.403441 0.683018 -0.238410
v -0.403441 0.683018 -0.279510
v -0.392960 0.704783 -0.312760
v -0.414108 0.731302 -0.205160
v -0.437660 0.725927 -0.238410
v -0.437660 0.725927 -0.279510
v -0.414108 0.731302 -0.312760
v -0.406560 0.764371 -0.205160
v -0.425447 0.779433 -0.238410
v -0.425447 0.779433 -0.279510
v -0.406560 0.764371 -0.312760
v -0.376000 0.803245 -0.238410
v -0.376000 0.803245 -0.279510
v -0.376000 0.499600 0.213600
v -0.376000 0.740400 0.213600
v -0.347854 0.499600 0.227154
v -0.347854 0.740400 0.227154
v -0.340903 0.499600 0.257611
v -0.340903 0.740400 0.257611
v -0.360380 0.499600 0.282035
v -0.360380 0.740400 0.282035
v -0.391620 0.499600 0.282035
v -0.391620 0.740400 0.282035
v -0.411097 0.499600 0.257611
v -0.411097 0.740400 0.257611
v -0.404146 0.499600 0.227154
v -0.404146 0.740400 0.227154
v -0.376000 0.803400 0.249600
v -0.376000 0.759868 0.189683
v -0.376000 0.720932 0.189683
v -0.376000 0.677400 0.249600
v -0.347048 0.791368 0.226512
v -0.329155 0.759868 0.212243
v -0.329155 0.720932 0.212243
v -0.347048 0.689432 0.226512
v -0.339898 0.791368 0.257840
v -0.317586 0.759868 0.262933
v -0.317586 0.720932 0.262933
v -0.339898 0.689432 0.257840
v -0.359933 0.791368 0.282963
v -0.350003 0.759868 0.303583
v -0.350003 0.720932 0.303583
v -0.359933 0.689432 0.282963
v -0.392067 0.791368 0.282963
v -0.401997 0.759868 0.303583
v -0.401997 0.720932 0.303583
v -0.392067 0.689432 0.282963
v -0.412102 0.791368 0.257840
v -0.434414 0.759868 0.262933
v -0.434414 0.720932 0.262933
v -0.412102 0.689432 0.257840
v -0.404952 0.791368 0.226512
v -0.422845 0.759868 0.212243
v -0.422845 0.720932 0.212243
v -0.404952 0.689432 0.226512
v -0.376000 0.791368 0.212570
v -0.376000 0.689432 0.212570
v -0.376000 0.562600 0.249600
v -0.376000 0.519068 0.189683
v -0.376000 0.480132 0.189683
v -0.376000 0.436600 0.249600
v -0.347048 0.550568 0.226512
v -0.329155 0.519068 0.212243
v -0.329155 0.480132 0.212243
v -0.347048 0.448632 0.226512
v -0.339898 0.550568 0.257840
v -0.317586 0.519068 0.262933
v -0.317586 0.480132 0.262933
v -0.339898 0.448632 0.257840
v -0.359933 0.550568 0.282963
v -0.350003 0.519068 0.303583
v -0.350003 0.480132 0.303583
v -0.359933 0.448632 0.282963
v -0.392067 0.550568 0.282963
v -0.401997 0.519068 0.303583
v -0.401997 0.480132 0.303583
v -0.392067 0.448632 0.282963
v -0.412102 0.550568 0.257840
v -0.434414 0.519068 0.262933
v -0.434414 0.480132 0.262933
v -0.412102 0.448632 0.257840
v -0.404952 0.550568 0.226512
v -0.422845 0.519068 0.212243
v -0.422845 0.480132 0.212243
v -0.404952 0.448632 0.226512
v -0.376000 0.550568 0.212570
v -0.376000 0.448632 0.212570
v -0.410440 0.822800 0.415640
v -0.410440 0.819504 0.403340
v -0.410440 0.798200 0.391040
v -0.410440 0.776896 0.403340
v -0.410440 0.773600 0.415640
v -0.401743 0.819504 0.406943
v -0.395376 0.810500 0.400576
v -0.393045 0.798200 0.398245
v -0.395376 0.785900 0.400576
v -0.401743 0.776896 0.406943
v -0.398140 0.819504 0.415640
v -0.389136 0.810500 0.415640
v -0.385840 0.798200 0.415640
v -0.389136 0.785900 0.415640
v -0.398140 0.776896 0.415640
v -0.401743 0.819504 0.424337
v -0.395376 0.810500 0.430704
v -0.393045 0.798200 0.433035
v -0.395376 0.785900 0.430704
v -0.401743 0.776896 0.424337
v -0.410440 0.819504 0.427940
v -0.410440 0.810500 0.436944
v -0.410440 0.798200 0.440240
v -0.410440 0.785900 0.436944
v -0.410440 0.776896 0.427940
v -0.419137 0.819504 0.424337
v -0.425504 0.810500 0.430704
v -0.427835 0.798200 0.433035
v -0.425504 0.785900 0.430704
v -0.419137 0.776896 0.424337
v -0.422740 0.819504 0.415640
v -0.431744 0.810500 0.415640
v -0.435040 0.798200 0.415640
v -0.431744 0.785900 0.415640
v -0.422740 0.776896 0.415640
v -0.419137 0.819504 0.406943
v -0.425504 0.810500 0.400576
v -0.427835 0.798200 0.398245
v -0.425504 0.785900 0.400576
v -0.419137 0.776896 0.406943
v -0.410440 0.810500 0.394336
v -0.410440 0.785900 0.394336
v -0.376000 0.860520 0.364800
v -0.376000 0.839865 0.306817
v -0.376000 0.740135 0.306817
v -0.376000 0.719480 0.364800
v -0.359031 0.855152 0.339413
v -0.344645 0.839865 0.317891
v -0.335033 0.816987 0.303510
v -0.331657 0.790000 0.298461
v -0.335033 0.763013 0.303510
v -0.344645 0.740135 0.317891
v -0.359031 0.724848 0.339413
v -0.348543 0.855152 0.355103
v -0.325267 0.839865 0.346882
v -0.309714 0.816987 0.341389
v -0.304252 0.790000 0.339461
v -0.309714 0.763013 0.341389
v -0.325267 0.740135 0.346882
v -0.348543 0.724848 0.355103
v -0.348543 0.855152 0.374497
v -0.325267 0.839865 0.382718
v -0.309714 0.816987 0.388211
v -0.304252 0.790000 0.390139
v -0.309714 0.763013 0.388211
v -0.325267 0.740135 0.382718
v -0.348543 0.724848 0.374497
v -0.359031 0.855152 0.390187
v -0.344645 0.839865 0.411709
v -0.335033 0.763013 0.426090
v -0.344645 0.740135 0.411709
v -0.359031 0.724848 0.390187
v -0.376000 0.855152 0.396180
v -0.376000 0.839865 0.422783
v -0.376000 0.816987 0.440558
v -0.376000 0.790000 0.446800
v -0.376000 0.763013 0.440558
v -0.376000 0.740135 0.422783
v -0.376000 0.724848 0.396180
v -0.392969 0.855152 0.390187
v -0.407355 0.839865 0.411709
v -0.416967 0.763013 0.426090
v -0.407355 0.740135 0.411709
v -0.392969 0.724848 0.390187
v -0.403457 0.855152 0.374497
v -0.426733 0.839865 0.382718
v -0.442286 0.816987 0.388211
v -0.447748 0.790000 0.390139
v -0.442286 0.763013 0.388211
v -0.426733 0.740135 0.382718
v -0.403457 0.724848 0.374497
v -0.403457 0.855152 0.355103
v -0.426733 0.839865 0.346882
v -0.442286 0.816987 0.341389
v -0.447748 0.790000 0.339461
v -0.442286 0.763013 0.341389
v -0.426733 0.740135 0.346882
v -0.403457 0.724848 0.355103
v -0.392969 0.855152 0.339413
v -0.407355 0.839865 0.317891
v -0.416967 0.816987 0.303510
v -0.420343 0.790000 0.298461
v -0.416967 0.763013 0.303510
v -0.407355 0.740135 0.317891
v -0.392969 0.724848 0.339413
v -0.376000 0.855152 0.333420
v -0.376000 0.816987 0.289042
v -0.376000 0.790000 0.282800
v -0.376000 0.763013 0.289042
v -0.376000 0.724848 0.333420
v -0.427250 0.726860 0.462790
v -0.427250 0.784260 0.462790
v -0.427250 0.726860 0.384890
v -0.427250 0.784260 0.384890
v -0.324750 0.726860 0.462790
v -0.324750 0.784260 0.462790
v -0.324750 0.726860 0.384890
v -0.324750 0.784260 0.384890
v -0.410440 0.820012 0.426044
v -0.408484 0.819504 0.427130
v -0.421574 0.819817 0.415640
v -0.422394 0.819504 0.414806
v -0.415742 0.819903 0.424257
v -0.416830 0.820378 0.422030
v -0.407752 0.816987 0.429344
v -0.401254 0.810500 0.433139
v -0.424758 0.816987 0.414434
v -0.429384 0.810500 0.409941
v -0.432596 0.798200 0.409739
v -0.400667 0.798200 0.436192
v -0.432024 0.790000 0.413663
v -0.430953 0.785900 0.413731
v -0.406197 0.785900 0.435187
v -0.406001 0.790000 0.436204
v -0.390776 0.784260 0.415640
v -0.396535 0.784260 0.429545
v -0.396535 0.784260 0.401735
v -0.410440 0.784260 0.435304
v -0.410440 0.781665 0.432709
v -0.410440 0.784260 0.395976
v -0.424345 0.784260 0.429545
v -0.419389 0.782375 0.429713
v -0.421019 0.779557 0.426219
v -0.424345 0.784260 0.401735
v -0.427250 0.784260 0.408749
v -0.428987 0.783143 0.415640
v -0.427250 0.781406 0.415640
v -0.427250 0.784260 0.422531
v -0.330426 0.819817 0.415640
v -0.329606 0.819504 0.414805
v -0.335170 0.820378 0.422030
v -0.336258 0.819903 0.424257
v -0.341560 0.820012 0.426044
v -0.343516 0.819504 0.427130
v -0.322616 0.810500 0.409941
v -0.327242 0.816987 0.414434
v -0.344248 0.816987 0.429344
v -0.350746 0.810500 0.433139
v -0.351333 0.798200 0.436192
v -0.319404 0.798200 0.409739
v -0.321047 0.785900 0.413731
v -0.319976 0.790000 0.413663
v -0.345999 0.790000 0.436204
v -0.345803 0.785900 0.435187
v -0.324750 0.781406 0.415640
v -0.323013 0.783143 0.415640
v -0.324750 0.784260 0.408749
v -0.324750 0.784260 0.422531
v -0.327655 0.784260 0.429545
v -0.330981 0.779557 0.426219
v -0.327655 0.784260 0.401735
v -0.341560 0.784260 0.435304
v -0.332611 0.782375 0.429713
v -0.341560 0.781665 0.432709
v -0.341560 0.784260 0.395976
v -0.355465 0.784260 0.401735
v -0.361224 0.784260 0.415640
v -0.355465 0.784260 0.429545
v 0.376000 0.778000 -0.258960
v 0.376000 0.778000 0.318960
v 0.405710 0.763693 -0.258960
v 0.405710 0.763693 0.318960
v 0.413047 0.731544 -0.258960
v 0.413047 0.731544 0.318960
v 0.392488 0.705763 -0.258960
v 0.392488 0.705763 0.318960
v 0.359512 0.705763 -0.258960
v 0.359512 0.705763 0.318960
v 0.338953 0.731544 -0.258960
v 0.338953 0.731544 0.318960
v 0.346290 0.763693 -0.258960
v 0.346290 0.763693 0.318960
v 0.376000 0.740000 0.385460
v 0.376000 0.779088 0.372760
v 0.376000 0.779088 0.265160
v 0.376000 0.740000 0.252460
v 0.406560 0.764371 0.372760
v 0.425447 0.779433 0.339510
v 0.425447 0.779433 0.298410
v 0.406560 0.764371 0.265160
v 0.414108 0.731302 0.372760
v 0.437660 0.725927 0.339510
v 0.437660 0.725927 0.298410
v 0.414108 0.731302 0.265160
v 0.392960 0.704783 0.372760
v 0.403441 0.683018 0.339510
v 0.403441 0.683018 0.298410
v 0.392960 0.704783 0.265160
v 0.359040 0.704783 0.372760
v 0.348559 0.683018 0.339510
v 0.348559 0.683018 0.298410
v 0.359040 0.704783 0.265160
v 0.337892 0.731302 0.372760
v 0.314340 0.725927 0.339510
v 0.314340 0.725927 0.298410
v 0.337892 0.731302 0.265160
v 0.345440 0.764371 0.372760
v 0.326553 0.779433 0.339510
v 0.326553 0.779433 0.298410
v 0.345440 0.764371 0.265160
v 0.376000 0.803245 0.339510
v 0.376000 0.803245 0.298410
v 0.376000 0.740000 -0.192460
v 0.376000 0.779088 -0.205160
v 0.376000 0.779088 -0.312760
v 0.376000 0.740000 -0.325460
v 0.406560 0.764371 -0.205160
v 0.425447 0.779433 -0.238410
v 0.425447 0.779433 -0.279510
v 0.406560 0.764371 -0.312760
v 0.414108 0.731302 -0.205160
v 0.437660 0.725927 -0.238410
v 0.437660 0.725927 -0.279510
v 0.414108 0.731302 -0.312760
v 0.392960 0.704783 -0.205160
v 0.403441 0.683018 -0.238410
v 0.403441 0.683018 -0.279510
v 0.392960 0.704783 -0.312760
v 0.359040 0.704783 -0.205160
v 0.348559 0.683018 -0.238410
v 0.348559 0.683018 -0.279510
v 0.359040 0.704783 -0.312760
v 0.337892 0.731302 -0.205160
v 0.314340 0.725927 -0.238410
v 0.314340 0.725927 -0.279510
v 0.337892 0.731302 -0.312760
v 0.345440 0.764371 -0.205160
v 0.326553 0.779433 -0.238410
v 0.326553 0.779433 -0.279510
v 0.345440 0.764371 -0.312760
v 0.376000 0.803245 -0.238410
v 0.376000 0.803245 -0.279510
v 0.376000 0.499600 0.213600
v 0.376000 0.740400 0.213600
v 0.404146 0.499600 0.227154
v 0.404146 0.740400 0.227154
v 0.411097 0.499600 0.257611
v 0.411097 0.740400 0.257611
v 0.391620 0.499600 0.282035
v 0.391620 0.740400 0.282035
v 0.360380 0.499600 0.282035
v 0.360380 0.740400 0.282035
v 0.340903 0.499600 0.257611
v 0.340903 0.740400 0.257611
v 0.347854 0.499600 0.227154
v 0.347854 0.740400 0.227154
v 0.376000 0.803400 0.249600
v 0.376000 0.759868 0.189683
v 0.376000 0.720932 0.189683
v 0.376000 0.677400 0.249600
v 0.404952 0.791368 0.226512
v 0.422845 0.759868 0.212243
v 0.422845 0.720932 0.212243
v 0.404952 0.689432 0.226512
v 0.412102 0.791368 0.257840
v 0.434414 0.759868 0.262933
v 0.434414 0.720932 0.262933
v 0.412102 0.689432 0.257840
v 0.392067 0.791368 0.282963
v 0.401997 0.759868 0.303583
v 0.401997 0.720932 0.303583
v 0.392067 0.689432 0.282963
v 0.359933 0.791368 0.282963
v 0.350003 0.759868 0.303583
v 0.350003 0.720932 0.303583
v 0.359933 0.689432 0.282963
v 0.339898 0.791368 0.257840
v 0.317586 0.759868 0.262933
v 0.317586 0.720932 0.262933
v 0.339898 0.689432 0.257840
v 0.347048 0.791368 0.226512
v 0.329155 0.759868 0.212243
v 0.329155 0.720932 0.212243
v 0.347048 0.689432 0.226512
v 0.376000 0.791368 0.212570
v 0.376000 0.689432 0.212570
v 0.376000 0.562600 0.249600
v 0.376000 0.519068 0.189683
v 0.376000 0.480132 0.189683
v 0.376000 0.436600 0.249600
v 0.404952 0.550568 0.226512
v 0.422845 0.519068 0.212243
v 0.422845 0.480132 0.212243
v 0.404952 0.448632 0.226512
v 0.412102 0.550568 0.257840
v 0.434414 0.519068 0.262933
v 0.434414 0.480132 0.262933
v 0.412102 0.448632 0.257840
v 0.392067 0.550568 0.282963
v 0.401997 0.519068 0.303583
v 0.401997 0.480132 0.303583
v 0.392067 0.448632 0.282963
v 0.359933 0.550568 0.282963
v 0.350003 0.519068 0.303583
v 0.350003 0.480132 0.303583
v 0.359933 0.448632 0.282963
v 0.339898 0.550568 0.257840
v 0.317586 0.519068 0.262933
v 0.317586 0.480132 0.262933
v 0.339898 0.448632 0.257840
v 0.347048 0.550568 0.226512
v 0.329155 0.519068 0.212243
v 0.329155 0.480132 0.212243
v 0.347048 0.448632 0.226512
v 0.376000 0.550568 0.212570
v 0.376000 0.448632 0.212570
v 0.410440 0.822800 0.415640
v 0.410440 0.819504 0.403340
v 0.410440 0.798200 0.391040
v 0.410440 0.776896 0.403340
v 0.410440 0.773600 0.415640
v 0.419137 0.819504 0.406943
v 0.425504 0.810500 0.400576
v 0.427835 0.798200 0.398245
v 0.425504 0.785900 0.400576
v 0.419137 0.776896 0.406943
v 0.422740 0.819504 0.415640
v 0.431744 0.810500 0.415640
v 0.435040 0.798200 0.415640
v 0.431744 0.785900 0.415640
v 0.422740 0.776896 0.415640
v 0.419137 0.819504 0.424337
v 0.425504 0.810500 0.430704
v 0.427835 0.798200 0.433035
v 0.425504 0.785900 0.430704
v 0.419137 0.776896 0.424337
v 0.410440 0.819504 0.427940
v 0.410440 0.810500 0.436944
v 0.410440 0.798200 0.440240
v 0.410440 0.785900 0.436944
v 0.410440 0.776896 0.427940
v 0.401743 0.819504 0.424337
v 0.395376 0.810500 0.430704
v 0.393045 0.798200 0.433035
v 0.395376 0.785900 0.430704
v 0.401743 0.776896 0.424337
v 0.398140 0.819504 0.415640
v 0.389136 0.810500 0.415640
v 0.385840 0.798200 0.415640
v 0.389136 0.785900 0.415640
v 0.398140 0.776896 0.415640
v 0.401743 0.819504 0.406943
v 0.395376 0.810500 0.400576
v 0.393045 0.798200 0.398245
v 0.395376 0.785900 0.400576
v 0.401743 0.776896 0.406943
v 0.410440 0.810500 0.394336
v 0.410440 0.785900 0.394336
v 0.376000 0.860520 0.364800
v 0.376000 0.839865 0.306817
v 0.376000 0.740135 0.306817
v 0.376000 0.719480 0.364800
v 0.392969 0.855152 0.339413
v 0.407355 0.839865 0.317891
v 0.416967 0.816987 0.303510
v 0.420343 0.790000 0.298461
v 0.416967 0.763013 0.303510
v 0.407355 0.740135 0.317891
v 0.392969 0.724848 0.339413
v 0.403457 0.855152 0.355103
v 0.426733 0.839865 0.346882
v 0.442286 0.816987 0.341389
v 0.447748 0.790000 0.339461
v 0.442286 0.763013 0.341389
v 0.426733 0.740135 0.346882
v 0.403457 0.724848 0.355103
v 0.403457 0.855152 0.374497
v 0.426733 0.839865 0.382718
v 0.442286 0.816987 0.388211
v 0.447748 0.790000 0.390139
v 0.442286 0.763013 0.388211
v 0.426733 0.740135 0.382718
v 0.403457 0.724848 0.374497
v 0.392969 0.855152 0.390187
v 0.407355 0.839865 0.411709
v 0.416967 0.763013 0.426090
v 0.407355 0.740135 0.411709
v 0.392969 0.724848 0.390187
v 0.376000 0.855152 0.396180
v 0.376000 0.839865 0.422783
v 0.376000 0.816987 0.440558
v 0.376000 0.790000 0.446800
v 0.376000 0.763013 0.440558
v 0.376000 0.740135 0.422783
v 0.376000 0.724848 0.396180
v 0.359031 0.855152 0.390187
v 0.344645 0.839865 0.411709
v 0.335033 0.763013 0.426090
v 0.344645 0.740135 0.411709
v 0.359031 0.724848 0.390187
v 0.348543 0.855152 0.374497
v 0.325267 0.839865 0.382718
v 0.309714 0.816987 0.388211
v 0.304252 0.790000 0.390139
v 0.309714 0.763013 0.388211
v 0.325267 0.740135 0.382718
v 0.348543 0.724848 0.374497
v 0.348543 0.855152 0.355103
v 0.325267 0.839865 0.346882
v 0.309714 0.816987 0.341389
v 0.304252 0.790000 0.339461
v 0.309714 0.763013 0.341389
v 0.325267 0.740135 0.346882
v 0.348543 0.724848 0.355103
v 0.359031 0.855152 0.339413
v 0.344645 0.839865 0.317891
v 0.335033 0.816987 0.303510
v 0.331657 0.790000 0.298461
v 0.335033 0.763013 0.303510
v 0.344645 0.740135 0.317891
v 0.359031 0.724848 0.339413
v 0.376000 0.855152 0.333420
v 0.376000 0.816987 0.289042
v 0.376000 0.790000 0.282800
v 0.376000 0.763013 0.289042
v 0.376000 0.724848 0.333420
v 0.324750 0.726860 0.462790
v 0.324750 0.784260 0.462790
v 0.324750 0.726860 0.384890
v 0.324750 0.784260 0.384890
v 0.427250 0.726860 0.462790
v 0.427250 0.784260 0.462790
v 0.427250 0.726860 0.384890
v 0.427250 0.784260 0.384890
v 0.341560 0.820012 0.426044
v 0.343516 0.819504 0.427130
v 0.335170 0.820378 0.422030
v 0.330426 0.819817 0.415640
v 0.329606 0.819504 0.414806
v 0.336258 0.819903 0.424257
v 0.344248 0.816987 0.429344
v 0.350746 0.810500 0.433139
v 0.327242 0.816987 0.414434
v 0.322616 0.810500 0.409941
v 0.319404 0.798200 0.409739
v 0.351333 0.798200 0.436192
v 0.345803 0.785900 0.435187
v 0.345999 0.790000 0.436204
v 0.319976 0.790000 0.413663
v 0.321047 0.785900 0.413731
v 0.361224 0.784260 0.415640
v 0.355465 0.784260 0.429545
v 0.355465 0.784260 0.401735
v 0.341560 0.784260 0.435304
v 0.341560 0.781665 0.432709
v 0.327655 0.784260 0.401735
v 0.341560 0.784260 0.395976
v 0.324750 0.784260 0.408749
v 0.323013 0.783143 0.415640
v 0.324750 0.781406 0.415640
v 0.324750 0.784260 0.422531
v 0.327655 0.784260 0.429545
v 0.330981 0.779557 0.426219
v 0.332611 0.782375 0.429713
v 0.421574 0.819817 0.415640
v 0.416830 0.820378 0.422030
v 0.422394 0.819504 0.414805
v 0.415742 0.819903 0.424257
v 0.410440 0.820012 0.426044
v 0.408484 0.819504 0.427130
v 0.401254 0.810500 0.433139
v 0.407752 0.816987 0.429344
v 0.429384 0.810500 0.409941
v 0.424758 0.816987 0.414434
v 0.432596 0.798200 0.409739
v 0.400667 0.798200 0.436192
v 0.406001 0.790000 0.436204
v 0.406197 0.785900 0.435187
v 0.432024 0.790000 0.413663
v 0.430953 0.785900 0.413731
v 0.427250 0.781406 0.415640
v 0.428987 0.783143 0.415640
v 0.427250 0.784260 0.422531
v 0.424345 0.784260 0.429545
v 0.421019 0.779557 0.426219
v 0.427250 0.784260 0.408749
v 0.424345 0.784260 0.401735
v 0.410440 0.784260 0.435304
v 0.419389 0.782375 0.429713
v 0.410440 0.781665 0.432709
v 0.410440 0.784260 0.395976
v 0.396535 0.784260 0.401735
v 0.396535 0.784260 0.429545
v 0.390776 0.784260 0.415640
v 0.063000 1.995000 -0.123400
v 0.063000 1.988971 -0.145900
v 0.063000 1.972500 -0.162371
v 0.063000 1.950000 -0.168400
v 0.063000 1.927500 -0.162371
v 0.063000 1.911029 -0.145900
v 0.063000 1.905000 -0.123400
v 0.078910 1.988971 -0.139310
v 0.090557 1.972500 -0.150957
v 0.094820 1.950000 -0.155220
v 0.090557 1.927500 -0.150957
v 0.078910 1.911029 -0.139310
v 0.085500 1.988971 -0.123400
v 0.101971 1.972500 -0.123400
v 0.108000 1.950000 -0.123400
v 0.101971 1.927500 -0.123400
v 0.085500 1.911029 -0.123400
v 0.078910 1.988971 -0.107490
v 0.090557 1.972500 -0.095843
v 0.094820 1.950000 -0.091580
v 0.090557 1.927500 -0.095843
v 0.078910 1.911029 -0.107490
v 0.063000 1.988971 -0.100900
v 0.063000 1.972500 -0.084429
v 0.063000 1.950000 -0.078400
v 0.063000 1.927500 -0.084429
v 0.063000 1.911029 -0.100900
v 0.047090 1.988971 -0.107490
v 0.035443 1.972500 -0.095843
v 0.031180 1.950000 -0.091580
v 0.035443 1.927500 -0.095843
v 0.047090 1.911029 -0.107490
v 0.040500 1.988971 -0.123400
v 0.024029 1.972500 -0.123400
v 0.018000 1.950000 -0.123400
v 0.024029 1.927500 -0.123400
v 0.040500 1.911029 -0.123400
v 0.047090 1.988971 -0.139310
v 0.035443 1.972500 -0.150957
v 0.031180 1.950000 -0.155220
v 0.035443 1.927500 -0.150957
v 0.047090 1.911029 -0.139310
v 0.000000 2.064000 -0.216400
v 0.000000 1.806000 -0.216400
v 0.031041 2.054180 -0.262840
v 0.057357 2.026217 -0.302209
v 0.074940 1.984366 -0.328515
v 0.081114 1.935000 -0.337753
v 0.074940 1.885634 -0.328515
v 0.057357 1.843783 -0.302209
v 0.031041 1.815820 -0.262840
v 0.050226 2.054180 -0.234138
v 0.092805 2.026217 -0.249176
v 0.121255 1.984366 -0.259224
v 0.131246 1.935000 -0.262753
v 0.121255 1.885634 -0.259224
v 0.092805 1.843783 -0.249176
v 0.050226 1.815820 -0.234138
v 0.050226 2.054180 -0.198662
v 0.092805 2.026217 -0.183624
v 0.121255 1.984366 -0.173576
v 0.131246 1.935000 -0.170047
v 0.121255 1.885634 -0.173576
v 0.092805 1.843783 -0.183624
v 0.050226 1.815820 -0.198662
v 0.031041 2.054180 -0.169960
v 0.057357 2.026217 -0.130591
v 0.074940 1.885634 -0.104285
v 0.057357 1.843783 -0.130591
v 0.031041 1.815820 -0.169960
v 0.000000 2.054180 -0.158997
v 0.000000 2.026217 -0.110334
v 0.000000 1.984366 -0.077818
v 0.000000 1.935000 -0.066400
v 0.000000 1.885634 -0.077818
v 0.000000 1.843783 -0.110334
v 0.000000 1.815820 -0.158997
v -0.031041 2.054180 -0.169960
v -0.057357 2.026217 -0.130591
v -0.074940 1.885634 -0.104285
v -0.057357 1.843783 -0.130591
v -0.031041 1.815820 -0.169960
v -0.050226 2.054180 -0.198662
v -0.092805 2.026217 -0.183624
v -0.121255 1.984366 -0.173576
v -0.131246 1.935000 -0.170047
v -0.121255 1.885634 -0.173576
v -0.092805 1.843783 -0.183624
v -0.050226 1.815820 -0.198662
v -0.050226 2.054180 -0.234138
v -0.092805 2.026217 -0.249176
v -0.121255 1.984366 -0.259224
v -0.131246 1.935000 -0.262752
v -0.121255 1.885634 -0.259224
v -0.092805 1.843783 -0.249176
v -0.050226 1.815820 -0.234138
v -0.031041 2.054180 -0.262840
v -0.057357 2.026217 -0.302209
v -0.074940 1.984366 -0.328515
v -0.081114 1.935000 -0.337753
v -0.074940 1.885634 -0.328515
v -0.057357 1.843783 -0.302209
v -0.031041 1.815820 -0.262840
v 0.000000 2.054180 -0.273802
v 0.000000 2.026217 -0.322466
v -0.000000 1.984366 -0.354982
v -0.000000 1.935000 -0.366400
v -0.000000 1.885634 -0.354982
v 0.000000 1.843783 -0.322466
v 0.000000 1.815820 -0.273802
v -0.093750 1.819500 -0.037150
v -0.093750 1.924500 -0.037150
v -0.093750 1.819500 -0.179650
v -0.093750 1.924500 -0.179650
v 0.093750 1.819500 -0.037150
v 0.093750 1.924500 -0.037150
v 0.093750 1.819500 -0.179650
v 0.093750 1.924500 -0.179650
v -0.063000 1.989900 -0.104368
v -0.059422 1.988971 -0.102382
v -0.074690 1.990570 -0.111710
v -0.083367 1.989543 -0.123400
v -0.084868 1.988971 -0.124927
v -0.072699 1.989700 -0.107637
v -0.058083 1.984366 -0.098332
v -0.046197 1.972500 -0.091389
v -0.089191 1.984366 -0.125606
v -0.097653 1.972500 -0.133825
v -0.103529 1.950000 -0.134194
v -0.045122 1.950000 -0.085805
v -0.055239 1.927500 -0.087644
v -0.054881 1.935000 -0.085782
v -0.102483 1.935000 -0.127016
v -0.100524 1.927500 -0.126893
v -0.063000 1.924500 -0.159371
v -0.027029 1.924500 -0.123400
v -0.037565 1.924500 -0.148835
v -0.088435 1.924500 -0.148835
v -0.093750 1.924500 -0.136005
v -0.096928 1.922457 -0.123400
v -0.093750 1.919279 -0.123400
v -0.037565 1.924500 -0.097965
v -0.093750 1.924500 -0.110795
v -0.063000 1.924500 -0.087429
v -0.063000 1.919752 -0.092177
v -0.088435 1.924500 -0.097965
v -0.082352 1.915896 -0.104048
v -0.079370 1.921052 -0.097657
v 0.083367 1.989543 -0.123400
v 0.084868 1.988971 -0.124927
v 0.074690 1.990570 -0.111710
v 0.072699 1.989700 -0.107638
v 0.063000 1.989900 -0.104368
v 0.059422 1.988971 -0.102382
v 0.046197 1.972500 -0.091389
v 0.058083 1.984366 -0.098332
v 0.097653 1.972500 -0.133825
v 0.089191 1.984366 -0.125606
v 0.103529 1.950000 -0.134194
v 0.045122 1.950000 -0.085805
v 0.054881 1.935000 -0.085782
v 0.055239 1.927500 -0.087644
v 0.102483 1.935000 -0.127016
v 0.100524 1.927500 -0.126893
v 0.063000 1.924500 -0.159371
v 0.027029 1.924500 -0.123400
v 0.037565 1.924500 -0.148835
v 0.093750 1.919279 -0.123400
v 0.093750 1.924500 -0.136005
v 0.096928 1.922457 -0.123400
v 0.088435 1.924500 -0.148835
v 0.093750 1.924500 -0.110795
v 0.088435 1.924500 -0.097965
v 0.082352 1.915896 -0.104048
v 0.063000 1.924500 -0.087429
v 0.079370 1.921052 -0.097657
v 0.063000 1.919752 -0.092177
v 0.037565 1.924500 -0.097965
v -0.470000 0.000000 0.480000
v -0.470000 0.130000 0.480000
v -0.470000 0.000000 -0.480000
v -0.470000 0.130000 -0.480000
v 0.470000 0.000000 0.480000
v 0.470000 0.130000 0.480000
v 0.470000 0.000000 -0.480000
v 0.470000 0.130000 -0.480000
v -0.423000 0.130000 0.432000
v -0.423000 0.195000 0.432000
v -0.423000 0.130000 -0.432000
v -0.423000 0.195000 -0.432000
v 0.423000 0.130000 0.432000
v 0.423000 0.195000 0.432000
v 0.423000 0.130000 -0.432000
v 0.423000 0.195000 -0.432000
v -0.437100 0.130000 0.446400
v -0.437100 0.148000 0.446400
v -0.437100 0.130000 -0.446400
v -0.437100 0.148000 -0.446400
v 0.437100 0.130000 0.446400
v 0.437100 0.148000 0.446400
v 0.437100 0.130000 -0.446400
v 0.437100 0.148000 -0.446400
v -0.423000 0.412000 0.418200
v -0.423000 0.438000 0.418200
v -0.423000 0.412000 0.388200
v -0.423000 0.438000 0.388200
v 0.423000 0.412000 0.418200
v 0.423000 0.438000 0.418200
v 0.423000 0.412000 0.388200
v 0.423000 0.438000 0.388200
v -0.376000 1.953000 -0.326400
v -0.376000 1.931163 -0.371746
v -0.376000 1.858838 -0.371746
v -0.361208 1.947256 -0.346759
v -0.349346 1.931163 -0.363086
v -0.342763 1.907906 -0.372147
v -0.342763 1.882094 -0.372147
v -0.349346 1.858838 -0.363086
v -0.361208 1.842744 -0.346759
v -0.352066 1.947256 -0.334177
v -0.332873 1.931163 -0.340413
v -0.322222 1.907906 -0.343874
v -0.322222 1.882094 -0.343874
v -0.332873 1.858838 -0.340413
v -0.352066 1.842744 -0.334177
v -0.352066 1.947256 -0.318624
v -0.332873 1.931163 -0.312387
v -0.322222 1.907906 -0.308926
v -0.322222 1.882094 -0.308926
v -0.332873 1.858838 -0.312387
v -0.352066 1.842744 -0.318624
v -0.361208 1.947256 -0.306041
v -0.349346 1.931163 -0.289714
v -0.342763 1.907906 -0.280653
v -0.342763 1.882094 -0.280653
v -0.349346 1.858838 -0.289714
v -0.361208 1.842744 -0.306041
v -0.376000 1.947256 -0.301235
v -0.376000 1.931163 -0.281054
v -0.376000 1.907906 -0.269854
v -0.376000 1.882094 -0.269854
v -0.376000 1.858838 -0.281054
v -0.376000 1.842744 -0.301235
v -0.390792 1.947256 -0.306041
v -0.402654 1.931163 -0.289714
v -0.409237 1.907906 -0.280653
v -0.409237 1.882094 -0.280653
v -0.402654 1.858838 -0.289714
v -0.390792 1.842744 -0.306041
v -0.399934 1.947256 -0.318624
v -0.419127 1.931163 -0.312387
v -0.429778 1.907906 -0.308926
v -0.429778 1.882094 -0.308926
v -0.419127 1.858838 -0.312387
v -0.399934 1.842744 -0.318624
v -0.399934 1.947256 -0.334177
v -0.419127 1.931163 -0.340413
v -0.429778 1.907906 -0.343874
v -0.429778 1.882094 -0.343874
v -0.419127 1.858838 -0.340413
v -0.399934 1.842744 -0.334177
v -0.390792 1.947256 -0.346759
v -0.402654 1.931163 -0.363086
v -0.409237 1.907906 -0.372147
v -0.409237 1.882094 -0.372147
v -0.402654 1.858838 -0.363086
v -0.390792 1.842744 -0.346759
v -0.376000 1.947256 -0.351565
v -0.376000 1.907906 -0.382946
v -0.376000 1.882094 -0.382946
v -0.376000 1.842744 -0.351565
v -0.376000 1.925000 -0.368400
v -0.339627 1.925000 -0.347400
v -0.339627 1.925000 -0.305400
v -0.376000 1.925000 -0.284400
v -0.412373 1.925000 -0.305400
v -0.412373 1.925000 -0.347400
v -0.376000 2.225000 -0.326400
v 0.376000 1.953000 -0.326400
v 0.376000 1.931163 -0.371746
v 0.376000 1.858838 -0.371746
v 0.390792 1.947256 -0.346759
v 0.402654 1.931163 -0.363086
v 0.409237 1.907906 -0.372147
v 0.409237 1.882094 -0.372147
v 0.402654 1.858838 -0.363086
v 0.390792 1.842744 -0.346759
v 0.399934 1.947256 -0.334177
v 0.419127 1.931163 -0.340413
v 0.429778 1.907906 -0.343874
v 0.429778 1.882094 -0.343874
v 0.419127 1.858838 -0.340413
v 0.399934 1.842744 -0.334177
v 0.399934 1.947256 -0.318624
v 0.419127 1.931163 -0.312387
v 0.429778 1.907906 -0.308926
v 0.429778 1.882094 -0.308926
v 0.419127 1.858838 -0.312387
v 0.399934 1.842744 -0.318624
v 0.390792 1.947256 -0.306041
v 0.402654 1.931163 -0.289714
v 0.409237 1.907906 -0.280653
v 0.409237 1.882094 -0.280653
v 0.402654 1.858838 -0.289714
v 0.390792 1.842744 -0.306041
v 0.376000 1.947256 -0.301235
v 0.376000 1.931163 -0.281054
v 0.376000 1.907906 -0.269854
v 0.376000 1.882094 -0.269854
v 0.376000 1.858838 -0.281054
v 0.376000 1.842744 -0.301235
v 0.361208 1.947256 -0.306041
v 0.349346 1.931163 -0.289714
v 0.342763 1.907906 -0.280653
v 0.342763 1.882094 -0.280653
v 0.349346 1.858838 -0.289714
v 0.361208 1.842744 -0.306041
v 0.352066 1.947256 -0.318624
v 0.332873 1.931163 -0.312387
v 0.322222 1.907906 -0.308926
v 0.322222 1.882094 -0.308926
v 0.332873 1.858838 -0.312387
v 0.352066 1.842744 -0.318624
v 0.352066 1.947256 -0.334177
v 0.332873 1.931163 -0.340413
v 0.322222 1.907906 -0.343874
v 0.322222 1.882094 -0.343874
v 0.332873 1.858838 -0.340413
v 0.352066 1.842744 -0.334177
v 0.361208 1.947256 -0.346759
v 0.349346 1.931163 -0.363086
v 0.342763 1.907906 -0.372147
v 0.342763 1.882094 -0.372147
v 0.349346 1.858838 -0.363086
v 0.361208 1.842744 -0.346759
v 0.376000 1.947256 -0.351565
v 0.376000 1.907906 -0.382946
v 0.376000 1.882094 -0.382946
v 0.376000 1.842744 -0.351565
v 0.376000 1.925000 -0.368400
v 0.412373 1.925000 -0.347400
v 0.412373 1.925000 -0.305400
v 0.376000 1.925000 -0.284400
v 0.339627 1.925000 -0.305400
v 0.339627 1.925000 -0.347400
v 0.376000 2.225000 -0.326400
v -0.310200 1.928000 -0.376400
v -0.292880 1.928000 -0.366400
v -0.292880 1.928000 -0.346400
v -0.310200 1.928000 -0.336400
v -0.327521 1.928000 -0.346400
v -0.327521 1.928000 -0.366400
v -0.206800 1.974667 -0.376400
v -0.189479 1.974667 -0.366400
v -0.189479 1.974667 -0.346400
v -0.206800 1.974667 -0.336400
v -0.224121 1.974667 -0.346400
v -0.224121 1.974667 -0.366400
v -0.206800 2.036667 -0.356400
v -0.103400 2.021333 -0.376400
v -0.086079 2.021333 -0.366400
v -0.086079 2.021333 -0.346400
v -0.103400 2.021333 -0.336400
v -0.120721 2.021333 -0.346400
v -0.120721 2.021333 -0.366400
v 0.103400 2.021333 -0.376400
v 0.120721 2.021333 -0.366400
v 0.120721 2.021333 -0.346400
v 0.103400 2.021333 -0.336400
v 0.086079 2.021333 -0.346400
v 0.086079 2.021333 -0.366400
v 0.206800 1.974667 -0.376400
v 0.224121 1.974667 -0.366400
v 0.224121 1.974667 -0.346400
v 0.206800 1.974667 -0.336400
v 0.189479 1.974667 -0.346400
v 0.189479 1.974667 -0.366400
v 0.206800 2.036667 -0.356400
v 0.310200 1.928000 -0.376400
v 0.327521 1.928000 -0.366400
v 0.327521 1.928000 -0.346400
v 0.310200 1.928000 -0.336400
v 0.292880 1.928000 -0.346400
v 0.292880 1.928000 -0.366400
v -0.376000 0.770000 0.150800
v -0.356947 0.770000 0.161800
v -0.356947 0.770000 0.183800
v -0.376000 0.770000 0.194800
v -0.395053 0.770000 0.183800
v -0.395053 0.770000 0.161800
v -0.376000 0.855000 0.172800
v -0.376000 0.770000 -0.012400
v -0.356947 0.770000 -0.001400
v -0.356947 0.770000 0.020600
v -0.376000 0.770000 0.031600
v -0.395053 0.770000 0.020600
v -0.395053 0.770000 -0.001400
v -0.376000 0.855000 0.009600
v -0.376000 0.770000 -0.175600
v -0.356947 0.770000 -0.164600
v -0.356947 0.770000 -0.142600
v -0.376000 0.770000 -0.131600
v -0.395053 0.770000 -0.142600
v -0.395053 0.770000 -0.164600
v -0.376000 0.855000 -0.153600
v -0.376000 0.790000 0.260500
v -0.376000 0.790000 0.315500
v -0.340645 0.775355 0.260500
v -0.340645 0.775355 0.315500
v -0.326000 0.740000 0.260500
v -0.326000 0.740000 0.315500
v -0.340645 0.704645 0.260500
v -0.340645 0.704645 0.315500
v -0.376000 0.690000 0.260500
v -0.376000 0.690000 0.315500
v -0.411355 0.704645 0.260500
v -0.411355 0.704645 0.315500
v -0.426000 0.740000 0.260500
v -0.426000 0.740000 0.315500
v -0.411355 0.775355 0.260500
v -0.411355 0.775355 0.315500
v 0.376000 0.770000 0.150800
v 0.395053 0.770000 0.161800
v 0.395053 0.770000 0.183800
v 0.376000 0.770000 0.194800
v 0.356947 0.770000 0.183800
v 0.356947 0.770000 0.161800
v 0.376000 0.855000 0.172800
v 0.376000 0.770000 -0.012400
v 0.395053 0.770000 -0.001400
v 0.395053 0.770000 0.020600
v 0.376000 0.770000 0.031600
v 0.356947 0.770000 0.020600
v 0.356947 0.770000 -0.001400
v 0.376000 0.855000 0.009600
v 0.376000 0.770000 -0.175600
v 0.395053 0.770000 -0.164600
v 0.395053 0.770000 -0.142600
v 0.376000 0.770000 -0.131600
v 0.356947 0.770000 -0.142600
v 0.356947 0.770000 -0.164600
v 0.376000 0.855000 -0.153600
v 0.376000 0.790000 0.260500
v 0.376000 0.790000 0.315500
v 0.411355 0.775355 0.260500
v 0.411355 0.775355 0.315500
v 0.426000 0.740000 0.260500
v 0.426000 0.740000 0.315500
v 0.411355 0.704645 0.260500
v 0.411355 0.704645 0.315500
v 0.376000 0.690000 0.260500
v 0.376000 0.690000 0.315500
v 0.340645 0.704645 0.260500
v 0.340645 0.704645 0.315500
v 0.326000 0.740000 0.260500
v 0.326000 0.740000 0.315500
v 0.340645 0.775355 0.260500
v 0.340645 0.775355 0.315500
v 0.000000 1.980000 -0.336400
v 0.000000 2.025000 -0.336400
v 0.070534 1.980000 -0.313482
v 0.070534 2.025000 -0.313482
v 0.114127 1.980000 -0.253482
v 0.114127 2.025000 -0.253482
v 0.114127 1.980000 -0.179318
v 0.114127 2.025000 -0.179318
v 0.070534 1.980000 -0.119318
v 0.070534 2.025000 -0.119318
v 0.000000 1.980000 -0.096400
v 0.000000 2.025000 -0.096400
v -0.070534 1.980000 -0.119318
v -0.070534 2.025000 -0.119318
v -0.114127 1.980000 -0.179318
v -0.114127 2.025000 -0.179318
v -0.114127 1.980000 -0.253482
v -0.114127 2.025000 -0.253482
v -0.070534 1.980000 -0.313482
v -0.070534 2.025000 -0.313482
v -0.100136 2.022500 -0.201942
v -0.077619 2.022500 -0.188942
v -0.077619 2.022500 -0.162942
v -0.100136 2.022500 -0.149942
v -0.122653 2.022500 -0.162942
v -0.122653 2.022500 -0.188942
v -0.100136 2.078500 -0.175942
v -0.060393 2.022500 -0.152864
v -0.037876 2.022500 -0.139864
v -0.037876 2.022500 -0.113864
v -0.060393 2.022500 -0.100864
v -0.082909 2.022500 -0.113864
v -0.082909 2.022500 -0.139864
v -0.060393 2.100500 -0.126864
v 0.000000 2.022500 -0.134400
v 0.022517 2.022500 -0.121400
v 0.022517 2.022500 -0.095400
v 0.000000 2.022500 -0.082400
v -0.022517 2.022500 -0.095400
v -0.022517 2.022500 -0.121400
v 0.000000 2.122500 -0.108400
v 0.060393 2.022500 -0.152864
v 0.082909 2.022500 -0.139864
v 0.082909 2.022500 -0.113864
v 0.060393 2.022500 -0.100864
v 0.037876 2.022500 -0.113864
v 0.037876 2.022500 -0.139864
v 0.060393 2.100500 -0.126864
v 0.100136 2.022500 -0.201942
v 0.122653 2.022500 -0.188942
v 0.122653 2.022500 -0.162942
v 0.100136 2.022500 -0.149942
v 0.077619 2.022500 -0.162942
v 0.077619 2.022500 -0.188942
v 0.100136 2.078500 -0.175942
vn 0.4339 -0.0000 -0.9010
vn 0.9749 -0.0000 -0.2225
vn 0.7818 -0.0000 0.6235
vn -0.0000 -0.0000 1.0000
vn -0.7818 -0.0000 0.6235
vn -0.0000 1.0000 -0.0000
vn -0.9749 -0.0000 -0.2225
vn -0.4339 -0.0000 -0.9010
vn -0.0000 -1.0000 -0.0000
vn 0.1472 0.9407 -0.3057
vn 0.3630 -0.5477 -0.7538
vn 0.3630 0.5477 -0.7538
vn 0.1472 -0.9407 -0.3057
vn 0.3307 -0.9407 -0.0755
vn 0.3307 0.9407 -0.0755
vn 0.8157 -0.5477 -0.1862
vn 0.8157 0.5477 -0.1862
vn 0.2652 -0.9407 0.2115
vn 0.2652 0.9407 0.2115
vn 0.6541 -0.5477 0.5217
vn 0.6541 0.5477 0.5217
vn -0.0000 -0.9407 0.3392
vn -0.0000 0.9407 0.3392
vn -0.0000 -0.5477 0.8367
vn -0.0000 0.5477 0.8367
vn -0.2652 -0.9407 0.2115
vn -0.2652 0.9407 0.2115
vn -0.6541 -0.5477 0.5217
vn -0.6541 0.5477 0.5217
vn -0.3307 -0.9407 -0.0755
vn -0.3307 0.9407 -0.0755
vn -0.8157 -0.5477 -0.1862
vn -0.8157 0.5477 -0.1862
vn -0.1472 -0.9407 -0.3057
vn -0.1472 0.9407 -0.3057
vn -0.3630 -0.5477 -0.7538
vn -0.3630 0.5477 -0.7538
vn -1.0000 -0.0000 -0.0000
vn -0.0000 -0.0000 -1.0000
vn 1.0000 -0.0000 -0.0000
vn -0.0000 -0.4339 -0.9010
vn -0.0000 -0.9749 -0.2225
vn -0.0000 -0.7818 0.6235
vn -0.0000 0.7818 0.6235
vn -0.0000 0.9749 -0.2225
vn -0.0000 0.4339 -0.9010
vn 0.5477 -0.3630 -0.7538
vn -0.9407 -0.1472 -0.3057
vn 0.9407 -0.1472 -0.3057
vn -0.5477 -0.3630 -0.7538
vn -0.5477 -0.8157 -0.1862
vn 0.5477 -0.8157 -0.1862
vn -0.9407 -0.3307 -0.0755
vn 0.9407 -0.3307 -0.0755
vn -0.5477 -0.6541 0.5217
vn 0.5477 -0.6541 0.5217
vn -0.9407 -0.2652 0.2115
vn 0.9407 -0.2652 0.2115
vn -0.5477 -0.0000 0.8367
vn 0.5477 -0.0000 0.8367
vn -0.9407 -0.0000 0.3392
vn 0.9407 -0.0000 0.3392
vn -0.5477 0.6541 0.5217
vn 0.5477 0.6541 0.5217
vn -0.9407 0.2652 0.2115
vn 0.9407 0.2652 0.2115
vn -0.5477 0.8157 -0.1862
vn 0.5477 0.8157 -0.1862
vn -0.9407 0.3307 -0.0755
vn 0.9407 0.3307 -0.0755
vn -0.5477 0.3630 -0.7538
vn 0.5477 0.3630 -0.7538
vn -0.9407 0.1472 -0.3057
vn 0.9407 0.1472 -0.3057
vn 0.1484 0.9397 -0.3082
vn 0.3335 0.9397 -0.0761
vn 0.2674 0.9397 0.2133
vn -0.0000 0.9397 0.3421
vn -0.2674 0.9397 0.2133
vn -0.3335 0.9397 -0.0761
vn -0.1484 0.9397 -0.3082
vn 0.4880 0.2174 -0.8453
vn 0.9761 0.2174 -0.0000
vn 0.4880 0.2174 0.8453
vn -0.4880 0.2174 0.8453
vn -0.9761 0.2174 -0.0000
vn -0.4880 0.2174 -0.8453
vn 0.4944 0.1492 -0.8563
vn 0.9888 0.1492 -0.0000
vn 0.4944 0.1492 0.8563
vn -0.4944 0.1492 0.8563
vn -0.9888 0.1492 -0.0000
vn -0.4944 0.1492 -0.8563
vn 0.4968 0.1133 -0.8604
vn 0.9936 0.1133 -0.0000
vn 0.4968 0.1133 0.8604
vn -0.4968 0.1133 0.8604
vn -0.9936 0.1133 -0.0000
vn -0.4968 0.1133 -0.8604
vn 0.1911 -0.5000 -0.8447
vn -0.1911 -0.5000 0.8447
vn -0.1911 0.5000 0.8447
vn 0.9753 -0.0000 0.2207
vn 0.1911 0.5000 -0.8447
vn -0.9753 -0.0000 -0.2207
vn 0.1199 -0.5000 -0.8577
vn -0.1199 -0.5000 0.8577
vn -0.1199 0.5000 0.8577
vn 0.9904 -0.0000 0.1385
vn 0.1199 0.5000 -0.8577
vn -0.9904 -0.0000 -0.1385
vn -0.0000 -0.5000 -0.8660
vn -0.0000 -0.5000 0.8660
vn -0.0000 0.5000 0.8660
vn -0.0000 0.5000 -0.8660
vn -0.1199 -0.5000 -0.8577
vn 0.1199 -0.5000 0.8577
vn 0.1199 0.5000 0.8577
vn 0.9904 -0.0000 -0.1385
vn -0.1199 0.5000 -0.8577
vn -0.9904 -0.0000 0.1385
vn -0.1911 -0.5000 -0.8447
vn 0.1911 -0.5000 0.8447
vn 0.1911 0.5000 0.8447
vn 0.9753 -0.0000 -0.2207
vn -0.1911 0.5000 -0.8447
vn -0.9753 -0.0000 0.2207
vn 0.4706 -0.3377 -0.8152
vn 0.2157 0.9021 -0.3737
vn 0.2157 -0.9021 -0.3737
vn 0.4706 0.3377 -0.8152
vn 0.4315 -0.9021 -0.0000
vn 0.9413 0.3377 -0.0000
vn 0.9413 -0.3377 -0.0000
vn 0.4315 0.9021 -0.0000
vn 0.2157 0.9021 0.3737
vn 0.2157 -0.9021 0.3737
vn 0.4706 0.3377 0.8152
vn 0.4706 -0.3377 0.8152
vn -0.4706 -0.3377 0.8152
vn -0.2157 0.9021 0.3737
vn -0.2157 -0.9021 0.3737
vn -0.4706 0.3377 0.8152
vn -0.9413 -0.3377 -0.0000
vn -0.4315 0.9021 -0.0000
vn -0.4315 -0.9021 -0.0000
vn -0.9413 0.3377 -0.0000
vn -0.4706 -0.3377 -0.8152
vn -0.2157 0.9021 -0.3737
vn -0.2157 -0.9021 -0.3737
vn -0.4706 0.3377 -0.8152
vn 0.1879 -0.5000 -0.8454
vn -0.1879 -0.5000 0.8454
vn -0.1879 0.5000 0.8454
vn 0.9762 -0.0000 0.2170
vn 0.1879 0.5000 -0.8454
vn -0.9762 -0.0000 -0.2170
vn 0.1179 -0.5000 -0.8580
vn -0.1179 -0.5000 0.8580
vn -0.1179 0.5000 0.8580
vn 0.9907 -0.0000 0.1361
vn 0.1179 0.5000 -0.8580
vn -0.9907 -0.0000 -0.1361
vn -0.1179 -0.5000 -0.8580
vn 0.1179 -0.5000 0.8580
vn 0.1179 0.5000 0.8580
vn 0.9907 -0.0000 -0.1361
vn -0.1179 0.5000 -0.8580
vn -0.9907 -0.0000 0.1361
vn -0.1879 -0.5000 -0.8454
vn 0.1879 -0.5000 0.8454
vn 0.1879 0.5000 0.8454
vn 0.9762 -0.0000 -0.2170
vn -0.1879 0.5000 -0.8454
vn -0.9762 -0.0000 0.2170
vn 0.1844 -0.5000 -0.8462
vn -0.1844 -0.5000 0.8462
vn -0.1844 0.5000 0.8462
vn 0.9771 -0.0000 0.2130
vn 0.1844 0.5000 -0.8462
vn -0.9771 -0.0000 -0.2130
vn 0.1156 -0.5000 -0.8583
vn -0.1156 -0.5000 0.8583
vn -0.1156 0.5000 0.8583
vn 0.9910 -0.0000 0.1335
vn 0.1156 0.5000 -0.8583
vn -0.9910 -0.0000 -0.1335
vn -0.1156 -0.5000 -0.8583
vn 0.1156 -0.5000 0.8583
vn 0.1156 0.5000 0.8583
vn 0.9910 -0.0000 -0.1335
vn -0.1156 0.5000 -0.8583
vn -0.9910 -0.0000 0.1335
vn -0.1844 -0.5000 -0.8462
vn 0.1844 -0.5000 0.8462
vn 0.1844 0.5000 0.8462
vn 0.9771 -0.0000 -0.2130
vn -0.1844 0.5000 -0.8462
vn -0.9771 -0.0000 0.2130
vn 0.1806 -0.5000 -0.8470
vn -0.1806 -0.5000 0.8470
vn -0.1806 0.5000 0.8470
vn 0.9780 -0.0000 0.2085
vn 0.1806 0.5000 -0.8470
vn -0.9780 -0.0000 -0.2085
vn 0.1131 -0.5000 -0.8586
vn -0.1131 -0.5000 0.8586
vn -0.1131 0.5000 0.8586
vn 0.9914 -0.0000 0.1306
vn 0.1131 0.5000 -0.8586
vn -0.9914 -0.0000 -0.1306
vn -0.1131 -0.5000 -0.8586
vn 0.1131 -0.5000 0.8586
vn 0.1131 0.5000 0.8586
vn 0.9914 -0.0000 -0.1306
vn -0.1131 0.5000 -0.8586
vn -0.9914 -0.0000 0.1306
vn -0.1806 -0.5000 -0.8470
vn 0.1806 -0.5000 0.8470
vn 0.1806 0.5000 0.8470
vn 0.9780 -0.0000 -0.2085
vn -0.1806 0.5000 -0.8470
vn -0.9780 -0.0000 0.2085
vn -0.9413 -0.3376 -0.0000
vn 0.1763 -0.5000 -0.8479
vn -0.1763 -0.5000 0.8479
vn -0.1763 0.5000 0.8479
vn 0.9791 -0.0000 0.2035
vn 0.1763 0.5000 -0.8479
vn -0.9791 -0.0000 -0.2035
vn 0.1104 -0.5000 -0.8590
vn -0.1104 -0.5000 0.8590
vn -0.1104 0.5000 0.8590
vn 0.9918 -0.0000 0.1274
vn 0.1104 0.5000 -0.8590
vn -0.9918 -0.0000 -0.1274
vn -0.1104 -0.5000 -0.8590
vn 0.1104 -0.5000 0.8590
vn 0.1104 0.5000 0.8590
vn 0.9918 -0.0000 -0.1274
vn -0.1104 0.5000 -0.8590
vn -0.9918 -0.0000 0.1274
vn -0.1763 -0.5000 -0.8479
vn 0.1763 -0.5000 0.8479
vn 0.1763 0.5000 0.8479
vn 0.9791 -0.0000 -0.2035
vn -0.1763 0.5000 -0.8479
vn -0.9791 -0.0000 0.2035
vn 0.1715 -0.5000 -0.8489
vn -0.1715 -0.5000 0.8489
vn -0.1715 0.5000 0.8489
vn 0.9802 -0.0000 0.1980
vn 0.1715 0.5000 -0.8489
vn -0.9802 -0.0000 -0.1980
vn 0.1073 -0.5000 -0.8594
vn -0.1073 -0.5000 0.8594
vn -0.1073 0.5000 0.8594
vn 0.9923 -0.0000 0.1239
vn 0.1073 0.5000 -0.8594
vn -0.9923 -0.0000 -0.1239
vn -0.1073 -0.5000 -0.8594
vn 0.1073 -0.5000 0.8594
vn 0.1073 0.5000 0.8594
vn 0.9923 -0.0000 -0.1239
vn -0.1073 0.5000 -0.8594
vn -0.9923 -0.0000 0.1239
vn -0.1715 -0.5000 -0.8489
vn 0.1715 -0.5000 0.8489
vn 0.1715 0.5000 0.8489
vn 0.9802 -0.0000 -0.1980
vn -0.1715 0.5000 -0.8489
vn -0.9802 -0.0000 0.1980
vn 0.1661 -0.5000 -0.8500
vn -0.1661 -0.5000 0.8499
vn -0.1661 0.5000 0.8499
vn 0.9814 -0.0000 0.1918
vn 0.1661 0.5000 -0.8500
vn -0.9814 -0.0000 -0.1918
vn 0.1038 -0.5000 -0.8598
vn -0.1038 -0.5000 0.8598
vn -0.1038 0.5000 0.8598
vn 0.9928 -0.0000 0.1199
vn 0.1038 0.5000 -0.8598
vn -0.9928 -0.0000 -0.1199
vn -0.1038 -0.5000 -0.8598
vn 0.1038 -0.5000 0.8598
vn 0.1038 0.5000 0.8598
vn 0.9928 -0.0000 -0.1199
vn -0.1038 0.5000 -0.8598
vn -0.9928 -0.0000 0.1199
vn -0.1661 -0.5000 -0.8500
vn 0.1661 -0.5000 0.8500
vn 0.1661 0.5000 0.8500
vn 0.9814 -0.0000 -0.1918
vn -0.1661 0.5000 -0.8500
vn -0.9814 -0.0000 0.1918
vn 0.4339 0.9010 -0.0000
vn 0.9749 0.2225 -0.0000
vn 0.7818 -0.6235 -0.0000
vn -0.7818 -0.6235 -0.0000
vn -0.9749 0.2225 -0.0000
vn -0.4339 0.9010 -0.0000
vn 0.1472 0.3057 0.9407
vn 0.3630 0.7538 -0.5477
vn 0.3630 0.7538 0.5477
vn 0.1472 0.3057 -0.9407
vn 0.3307 0.0755 -0.9407
vn 0.3307 0.0755 0.9407
vn 0.8157 0.1862 -0.5477
vn 0.8157 0.1862 0.5477
vn 0.2652 -0.2115 -0.9407
vn 0.2652 -0.2115 0.9407
vn 0.6541 -0.5217 -0.5477
vn 0.6541 -0.5217 0.5477
vn -0.0000 -0.3392 -0.9407
vn -0.0000 -0.3392 0.9407
vn -0.0000 -0.8367 -0.5477
vn -0.0000 -0.8367 0.5477
vn -0.2652 -0.2115 -0.9407
vn -0.2652 -0.2115 0.9407
vn -0.6541 -0.5217 -0.5477
vn -0.6541 -0.5217 0.5477
vn -0.3307 0.0755 -0.9407
vn -0.3307 0.0755 0.9407
vn -0.8157 0.1862 -0.5477
vn -0.8157 0.1862 0.5477
vn -0.1472 0.3057 -0.9407
vn -0.1472 0.3057 0.9407
vn -0.3630 0.7538 -0.5477
vn -0.3630 0.7538 0.5477
vn 0.1066 0.9604 -0.2573
vn 0.1066 -0.9604 -0.2573
vn 0.3715 -0.2403 -0.8968
vn 0.2811 0.6786 -0.6786
vn 0.2811 -0.6786 -0.6786
vn 0.3715 0.2403 -0.8968
vn 0.2573 -0.9604 -0.1066
vn 0.8968 -0.2403 -0.3715
vn 0.6786 0.6786 -0.2811
vn 0.6786 -0.6786 -0.2811
vn 0.8968 0.2403 -0.3715
vn 0.2573 0.9604 -0.1066
vn 0.8968 -0.2403 0.3715
vn 0.6786 0.6786 0.2811
vn 0.6786 -0.6786 0.2811
vn 0.8968 0.2403 0.3715
vn 0.2573 0.9604 0.1066
vn 0.2573 -0.9604 0.1066
vn 0.2811 0.6786 0.6786
vn 0.2811 -0.6786 0.6786
vn 0.3715 0.2403 0.8968
vn 0.1066 0.9604 0.2573
vn 0.1066 -0.9604 0.2573
vn 0.3715 -0.2403 0.8968
vn -0.2811 -0.6786 0.6786
vn -0.3715 0.2403 0.8968
vn -0.1066 0.9604 0.2573
vn -0.1066 -0.9604 0.2573
vn -0.3715 -0.2403 0.8968
vn -0.2811 0.6786 0.6786
vn -0.6786 -0.6786 0.2811
vn -0.8968 0.2403 0.3715
vn -0.2573 0.9604 0.1066
vn -0.2573 -0.9604 0.1066
vn -0.8968 -0.2403 0.3715
vn -0.6786 0.6786 0.2811
vn -0.6786 -0.6786 -0.2811
vn -0.8968 0.2403 -0.3715
vn -0.2573 0.9604 -0.1066
vn -0.2573 -0.9604 -0.1066
vn -0.8968 -0.2403 -0.3715
vn -0.6786 0.6786 -0.2811
vn -0.2811 -0.6786 -0.6786
vn -0.3715 0.2403 -0.8968
vn -0.1066 0.9604 -0.2573
vn -0.1066 -0.9604 -0.2573
vn -0.3715 -0.2403 -0.8968
vn -0.2811 0.6786 -0.6786
vn 0.0594 0.9839 -0.1683
vn 0.0594 -0.9839 -0.1683
vn 0.2686 -0.5910 -0.7606
vn 0.3254 0.2131 -0.9213
vn 0.1733 0.8539 -0.4907
vn 0.1733 -0.8539 -0.4907
vn 0.3254 -0.2131 -0.9213
vn 0.2686 0.5910 -0.7606
vn 0.8140 0.2036 -0.5441
vn 0.4477 0.8426 -0.2993
vn 0.4477 -0.8426 -0.2993
vn 0.8140 -0.2036 -0.5441
vn 0.6815 0.5727 -0.4556
vn 0.1554 0.9824 -0.1039
vn 0.1554 -0.9824 -0.1039
vn 0.6815 -0.5727 -0.4556
vn 0.5489 -0.8359 -0.0000
vn 0.9801 -0.1984 -0.0000
vn 0.8270 0.5622 -0.0000
vn 0.1919 0.9814 -0.0000
vn 0.1919 -0.9814 -0.0000
vn 0.8270 -0.5622 -0.0000
vn 0.9801 0.1984 -0.0000
vn 0.5489 0.8359 -0.0000
vn 0.6815 0.5727 0.4556
vn 0.1554 0.9824 0.1039
vn 0.1554 -0.9824 0.1039
vn 0.6815 -0.5727 0.4556
vn 0.8140 0.2036 0.5441
vn 0.4477 0.8426 0.2993
vn 0.4477 -0.8426 0.2993
vn 0.8140 -0.2036 0.5441
vn 0.0594 -0.9839 0.1683
vn 0.2686 -0.5910 0.7606
vn 0.1733 0.8539 0.4907
vn 0.1733 -0.8539 0.4907
vn 0.3254 -0.2131 0.9213
vn 0.0594 0.9839 0.1683
vn -0.1733 0.8539 0.4907
vn -0.1733 -0.8539 0.4907
vn -0.3254 -0.2131 0.9213
vn -0.2686 0.5910 0.7606
vn -0.0594 0.9839 0.1683
vn -0.0594 -0.9839 0.1683
vn -0.2686 -0.5910 0.7606
vn -0.3254 0.2131 0.9213
vn -0.4477 -0.8426 0.2993
vn -0.8140 -0.2036 0.5441
vn -0.1554 0.9824 0.1039
vn -0.1554 -0.9824 0.1039
vn -0.6815 -0.5727 0.4556
vn -0.4477 0.8426 0.2993
vn -0.1919 0.9814 -0.0000
vn -0.1919 -0.9814 -0.0000
vn -0.8270 -0.5622 -0.0000
vn -0.9801 0.1984 -0.0000
vn -0.5489 0.8359 -0.0000
vn -0.5489 -0.8359 -0.0000
vn -0.9801 -0.1984 -0.0000
vn -0.8270 0.5622 -0.0000
vn -0.6815 -0.5727 -0.4556
vn -0.8140 0.2036 -0.5441
vn -0.4477 0.8426 -0.2993
vn -0.4477 -0.8426 -0.2993
vn -0.8140 -0.2036 -0.5441
vn -0.6815 0.5727 -0.4556
vn -0.1554 0.9824 -0.1039
vn -0.1554 -0.9824 -0.1039
vn -0.1733 -0.8539 -0.4907
vn -0.3254 -0.2131 -0.9213
vn -0.2686 0.5910 -0.7606
vn -0.0594 0.9839 -0.1683
vn -0.0594 -0.9839 -0.1683
vn -0.2686 -0.5910 -0.7606
vn -0.3254 0.2131 -0.9213
vn -0.1733 0.8539 -0.4907
vn -0.8140 0.2036 0.5441
vn -0.6815 0.5727 0.4556
vn 0.2686 0.5910 0.7606
vn 0.3254 0.2131 0.9213
vn -0.2574 0.9604 -0.1066
vn 0.2574 0.9604 -0.1066
vn -0.1065 0.9604 0.2573
vn 0.0739 -0.9710 -0.2274
vn 0.2810 -0.4164 -0.8647
vn 0.2810 0.4164 -0.8647
vn 0.0721 0.9724 -0.2219
vn 0.1986 -0.7663 -0.6111
vn 0.3090 -0.0000 -0.9511
vn 0.1985 0.7663 -0.6111
vn 0.1934 -0.9710 -0.1405
vn 0.7355 -0.4164 -0.5344
vn 0.7355 0.4164 -0.5344
vn 0.1888 0.9724 -0.1372
vn 0.5198 -0.7663 -0.3777
vn 0.8090 -0.0000 -0.5878
vn 0.5198 0.7663 -0.3777
vn 0.2391 -0.9710 -0.0000
vn 0.9092 -0.4164 -0.0000
vn 0.9092 0.4164 -0.0000
vn 0.2334 0.9724 -0.0000
vn 0.6425 -0.7663 -0.0000
vn 0.6425 0.7663 -0.0000
vn 0.7355 0.4164 0.5344
vn 0.1888 0.9724 0.1372
vn 0.5198 -0.7663 0.3777
vn 0.8090 -0.0000 0.5878
vn 0.5198 0.7663 0.3777
vn 0.1934 -0.9710 0.1405
vn 0.7355 -0.4164 0.5344
vn 0.1985 -0.7663 0.6111
vn 0.3090 -0.0000 0.9511
vn 0.1985 0.7663 0.6111
vn 0.0739 -0.9710 0.2274
vn 0.2810 -0.4164 0.8647
vn 0.2809 0.4164 0.8647
vn 0.0721 0.9724 0.2219
vn -0.1986 -0.7663 0.6111
vn -0.3090 -0.0000 0.9511
vn -0.1986 0.7663 0.6111
vn -0.0739 -0.9710 0.2274
vn -0.2810 -0.4164 0.8647
vn -0.2810 0.4164 0.8647
vn -0.0721 0.9724 0.2219
vn -0.5198 0.7663 0.3777
vn -0.1934 -0.9710 0.1405
vn -0.7355 -0.4164 0.5344
vn -0.7355 0.4164 0.5344
vn -0.1888 0.9724 0.1372
vn -0.5198 -0.7663 0.3777
vn -0.8090 -0.0000 0.5878
vn -0.2391 -0.9710 -0.0000
vn -0.9092 -0.4164 -0.0000
vn -0.9092 0.4164 -0.0000
vn -0.2334 0.9724 -0.0000
vn -0.6425 -0.7663 -0.0000
vn -0.6425 0.7663 -0.0000
vn -0.7355 -0.4164 -0.5344
vn -0.7355 0.4164 -0.5344
vn -0.1888 0.9724 -0.1372
vn -0.5198 -0.7663 -0.3777
vn -0.8090 -0.0000 -0.5878
vn -0.5198 0.7663 -0.3777
vn -0.1934 -0.9710 -0.1405
vn -0.0721 0.9724 -0.2219
vn -0.1985 -0.7663 -0.6111
vn -0.3090 -0.0000 -0.9511
vn -0.1985 0.7663 -0.6111
vn -0.0739 -0.9710 -0.2274
vn -0.2810 -0.4164 -0.8647
vn -0.2810 0.4164 -0.8647
vn 0.4964 0.1204 -0.8597
vn 0.9927 0.1204 -0.0000
vn 0.4964 0.1204 0.8597
vn -0.4964 0.1204 0.8597
vn -0.9927 0.1204 -0.0000
vn -0.4964 0.1204 -0.8597
vn 0.4622 0.3812 -0.8006
vn 0.9245 0.3812 -0.0000
vn 0.4622 0.3812 0.8006
vn -0.4622 0.3812 0.8006
vn -0.9245 0.3812 -0.0000
vn -0.4622 0.3812 -0.8006
vn 0.4816 0.2691 -0.8341
vn 0.9631 0.2691 -0.0000
vn 0.4816 0.2691 0.8341
vn -0.4816 0.2691 0.8341
vn -0.9631 0.2691 -0.0000
vn -0.4816 0.2691 -0.8341
vn 0.4892 0.2067 -0.8473
vn 0.9784 0.2067 -0.0000
vn 0.4892 0.2067 0.8473
vn -0.4892 0.2067 0.8473
vn -0.9784 0.2067 -0.0000
vn -0.4892 0.2067 -0.8473
vn 0.4879 0.2187 -0.8451
vn 0.9758 0.2187 -0.0000
vn 0.4879 0.2187 0.8451
vn -0.4879 0.2187 0.8451
vn -0.9758 0.2187 -0.0000
vn -0.4879 0.2187 -0.8451
vn 0.3827 0.9239 -0.0000
vn 0.9239 0.3827 -0.0000
vn 0.9239 -0.3827 -0.0000
vn 0.3827 -0.9239 -0.0000
vn -0.3827 -0.9239 -0.0000
vn -0.9239 -0.3827 -0.0000
vn -0.9239 0.3827 -0.0000
vn -0.3827 0.9239 -0.0000
vn 0.4639 0.3731 -0.8035
vn 0.9278 0.3731 -0.0000
vn 0.4639 0.3731 0.8035
vn -0.4639 0.3731 0.8035
vn -0.9278 0.3731 -0.0000
vn -0.4639 0.3731 -0.8035
vn 0.4804 0.2774 -0.8321
vn 0.9608 0.2774 -0.0000
vn 0.4804 0.2774 0.8321
vn -0.4804 0.2774 0.8321
vn -0.9608 0.2774 -0.0000
vn -0.4804 0.2774 -0.8320
vn 0.4878 0.2197 -0.8449
vn 0.9756 0.2197 -0.0000
vn 0.4878 0.2197 0.8449
vn -0.4878 0.2197 0.8449
vn -0.9756 0.2197 -0.0000
vn -0.4878 0.2197 -0.8449
vt 0.250000 0.250000
vt 0.750000 0.250000
vt 0.250000 0.750000
s 0
usemtl bone
f 1/1/1 2/1/1 4/1/1 3/1/1
f 3/1/2 4/1/2 6/1/2 5/1/2
f 5/1/3 6/1/3 8/1/3 7/1/3
f 7/1/4 8/1/4 10/1/4 9/1/4
f 9/1/5 10/1/5 12/1/5 11/1/5
f 4/1/6 2/1/6 14/1/6 12/1/6 10/1/6 8/1/6 6/1/6
f 11/1/7 12/1/7 14/1/7 13/1/7
f 13/1/8 14/1/8 2/1/8 1/1/8
f 1/1/9 3/1/9 5/1/9 7/1/9 9/1/9 11/1/9 13/1/9
f 16/1/10 15/1/10 21/1/10
f 19/1/11 18/1/11 23/1/11 24/1/11
f 17/1/12 16/1/12 21/1/12 22/1/12
f 20/1/13 19/1/13 24/1/13
f 18/1/1 17/1/1 22/1/1 23/1/1
f 20/1/14 24/1/14 28/1/14
f 23/1/2 22/1/2 26/1/2 27/1/2
f 21/1/15 15/1/15 25/1/15
f 24/1/16 23/1/16 27/1/16 28/1/16
f 22/1/17 21/1/17 25/1/17 26/1/17
f 20/1/18 28/1/18 32/1/18
f 27/1/3 26/1/3 30/1/3 31/1/3
f 25/1/19 15/1/19 29/1/19
f 28/1/20 27/1/20 31/1/20 32/1/20
f 26/1/21 25/1/21 29/1/21 30/1/21
f 20/1/22 32/1/22 36/1/22
f 31/1/4 30/1/4 34/1/4 35/1/4
f 29/1/23 15/1/23 33/1/23
f 32/1/24 31/1/24 35/1/24 36/1/24
f 30/1/25 29/1/25 33/1/25 34/1/25
f 20/1/26 36/1/26 40/1/26
f 35/1/5 34/1/5 38/1/5 39/1/5
f 33/1/27 15/1/27 37/1/27
f 36/1/28 35/1/28 39/1/28 40/1/28
f 34/1/29 33/1/29 37/1/29 38/1/29
f 20/1/30 40/1/30 44/1/30
f 39/1/7 38/1/7 42/1/7 43/1/7
f 37/1/31 15/1/31 41/1/31
f 40/1/32 39/1/32 43/1/32 44/1/32
f 38/1/33 37/1/33 41/1/33 42/1/33
f 20/1/34 44/1/34 19/1/34
f 43/1/8 42/1/8 17/1/8 18/1/8
f 41/1/35 15/1/35 16/1/35
f 44/1/36 43/1/36 18/1/36 19/1/36
f 42/1/37 41/1/37 16/1/37 17/1/37
f 46/1/10 45/1/10 51/1/10
f 49/1/11 48/1/11 53/1/11 54/1/11
f 47/1/12 46/1/12 51/1/12 52/1/12
f 50/1/13 49/1/13 54/1/13
f 48/1/1 47/1/1 52/1/1 53/1/1
f 50/1/14 54/1/14 58/1/14
f 53/1/2 52/1/2 56/1/2 57/1/2
f 51/1/15 45/1/15 55/1/15
f 54/1/16 53/1/16 57/1/16 58/1/16
f 52/1/17 51/1/17 55/1/17 56/1/17
f 50/1/18 58/1/18 62/1/18
f 57/1/3 56/1/3 60/1/3 61/1/3
f 55/1/19 45/1/19 59/1/19
f 58/1/20 57/1/20 61/1/20 62/1/20
f 56/1/21 55/1/21 59/1/21 60/1/21
f 50/1/22 62/1/22 66/1/22
f 61/1/4 60/1/4 64/1/4 65/1/4
f 59/1/23 45/1/23 63/1/23
f 62/1/24 61/1/24 65/1/24 66/1/24
f 60/1/25 59/1/25 63/1/25 64/1/25
f 50/1/26 66/1/26 70/1/26
f 65/1/5 64/1/5 68/1/5 69/1/5
f 63/1/27 45/1/27 67/1/27
f 66/1/28 65/1/28 69/1/28 70/1/28
f 64/1/29 63/1/29 67/1/29 68/1/29
f 50/1/30 70/1/30 74/1/30
f 69/1/7 68/1/7 72/1/7 73/1/7
f 67/1/31 45/1/31 71/1/31
f 70/1/32 69/1/32 73/1/32 74/1/32
f 68/1/33 67/1/33 71/1/33 72/1/33
f 50/1/34 74/1/34 49/1/34
f 73/1/8 72/1/8 47/1/8 48/1/8
f 71/1/35 45/1/35 46/1/35
f 74/1/36 73/1/36 48/1/36 49/1/36
f 72/1/37 71/1/37 46/1/37 47/1/37
f 75/1/1 76/1/1 78/1/1 77/1/1
f 77/1/2 78/1/2 80/1/2 79/1/2
f 79/1/3 80/1/3 82/1/3 81/1/3
f 81/1/4 82/1/4 84/1/4 83/1/4
f 83/1/5 84/1/5 86/1/5 85/1/5
f 78/1/6 76/1/6 88/1/6 86/1/6 84/1/6 82/1/6 80/1/6
f 85/1/7 86/1/7 88/1/7 87/1/7
f 87/1/8 88/1/8 76/1/8 75/1/8
f 75/1/9 77/1/9 79/1/9 81/1/9 83/1/9 85/1/9 87/1/9
f 90/1/10 89/1/10 95/1/10
f 93/1/11 92/1/11 97/1/11 98/1/11
f 91/1/12 90/1/12 95/1/12 96/1/12
f 94/1/13 93/1/13 98/1/13
f 92/1/1 91/1/1 96/1/1 97/1/1
f 94/1/14 98/1/14 102/1/14
f 97/1/2 96/1/2 100/1/2 101/1/2
f 95/1/15 89/1/15 99/1/15
f 98/1/16 97/1/16 101/1/16 102/1/16
f 96/1/17 95/1/17 99/1/17 100/1/17
f 94/1/18 102/1/18 106/1/18
f 101/1/3 100/1/3 104/1/3 105/1/3
f 99/1/19 89/1/19 103/1/19
f 102/1/20 101/1/20 105/1/20 106/1/20
f 100/1/21 99/1/21 103/1/21 104/1/21
f 94/1/22 106/1/22 110/1/22
f 105/1/4 104/1/4 108/1/4 109/1/4
f 103/1/23 89/1/23 107/1/23
f 106/1/24 105/1/24 109/1/24 110/1/24
f 104/1/25 103/1/25 107/1/25 108/1/25
f 94/1/26 110/1/26 114/1/26
f 109/1/5 108/1/5 112/1/5 113/1/5
f 107/1/27 89/1/27 111/1/27
f 110/1/28 109/1/28 113/1/28 114/1/28
f 108/1/29 107/1/29 111/1/29 112/1/29
f 94/1/30 114/1/30 118/1/30
f 113/1/7 112/1/7 116/1/7 117/1/7
f 111/1/31 89/1/31 115/1/31
f 114/1/32 113/1/32 117/1/32 118/1/32
f 112/1/33 111/1/33 115/1/33 116/1/33
f 94/1/34 118/1/34 93/1/34
f 117/1/8 116/1/8 91/1/8 92/1/8
f 115/1/35 89/1/35 90/1/35
f 118/1/36 117/1/36 92/1/36 93/1/36
f 116/1/37 115/1/37 90/1/37 91/1/37
f 120/1/10 119/1/10 125/1/10
f 123/1/11 122/1/11 127/1/11 128/1/11
f 121/1/12 120/1/12 125/1/12 126/1/12
f 124/1/13 123/1/13 128/1/13
f 122/1/1 121/1/1 126/1/1 127/1/1
f 124/1/14 128/1/14 132/1/14
f 127/1/2 126/1/2 130/1/2 131/1/2
f 125/1/15 119/1/15 129/1/15
f 128/1/16 127/1/16 131/1/16 132/1/16
f 126/1/17 125/1/17 129/1/17 130/1/17
f 124/1/18 132/1/18 136/1/18
f 131/1/3 130/1/3 134/1/3 135/1/3
f 129/1/19 119/1/19 133/1/19
f 132/1/20 131/1/20 135/1/20 136/1/20
f 130/1/21 129/1/21 133/1/21 134/1/21
f 124/1/22 136/1/22 140/1/22
f 135/1/4 134/1/4 138/1/4 139/1/4
f 133/1/23 119/1/23 137/1/23
f 136/1/24 135/1/24 139/1/24 140/1/24
f 134/1/25 133/1/25 137/1/25 138/1/25
f 124/1/26 140/1/26 144/1/26
f 139/1/5 138/1/5 142/1/5 143/1/5
f 137/1/27 119/1/27 141/1/27
f 140/1/28 139/1/28 143/1/28 144/1/28
f 138/1/29 137/1/29 141/1/29 142/1/29
f 124/1/30 144/1/30 148/1/30
f 143/1/7 142/1/7 146/1/7 147/1/7
f 141/1/31 119/1/31 145/1/31
f 144/1/32 143/1/32 147/1/32 148/1/32
f 142/1/33 141/1/33 145/1/33 146/1/33
f 124/1/34 148/1/34 123/1/34
f 147/1/8 146/1/8 121/1/8 122/1/8
f 145/1/35 119/1/35 120/1/35
f 148/1/36 147/1/36 122/1/36 123/1/36
f 146/1/37 145/1/37 120/1/37 121/1/37
f 149/1/1 150/1/1 152/1/1 151/1/1
f 151/1/2 152/1/2 154/1/2 153/1/2
f 153/1/3 154/1/3 156/1/3 155/1/3
f 155/1/4 156/1/4 158/1/4 157/1/4
f 157/1/5 158/1/5 160/1/5 159/1/5
f 152/1/6 150/1/6 162/1/6 160/1/6 158/1/6 156/1/6 154/1/6
f 159/1/7 160/1/7 162/1/7 161/1/7
f 161/1/8 162/1/8 150/1/8 149/1/8
f 149/1/9 151/1/9 153/1/9 155/1/9 157/1/9 159/1/9 161/1/9
f 164/1/10 163/1/10 169/1/10
f 167/1/11 166/1/11 171/1/11 172/1/11
f 165/1/12 164/1/12 169/1/12 170/1/12
f 168/1/13 167/1/13 172/1/13
f 166/1/1 165/1/1 170/1/1 171/1/1
f 168/1/14 172/1/14 176/1/14
f 171/1/2 170/1/2 174/1/2 175/1/2
f 169/1/15 163/1/15 173/1/15
f 172/1/16 171/1/16 175/1/16 176/1/16
f 170/1/17 169/1/17 173/1/17 174/1/17
f 168/1/18 176/1/18 180/1/18
f 175/1/3 174/1/3 178/1/3 179/1/3
f 173/1/19 163/1/19 177/1/19
f 176/1/20 175/1/20 179/1/20 180/1/20
f 174/1/21 173/1/21 177/1/21 178/1/21
f 168/1/22 180/1/22 184/1/22
f 179/1/4 178/1/4 182/1/4 183/1/4
f 177/1/23 163/1/23 181/1/23
f 180/1/24 179/1/24 183/1/24 184/1/24
f 178/1/25 177/1/25 181/1/25 182/1/25
f 168/1/26 184/1/26 188/1/26
f 183/1/5 182/1/5 186/1/5 187/1/5
f 181/1/27 163/1/27 185/1/27
f 184/1/28 183/1/28 187/1/28 188/1/28
f 182/1/29 181/1/29 185/1/29 186/1/29
f 168/1/30 188/1/30 192/1/30
f 187/1/7 186/1/7 190/1/7 191/1/7
f 185/1/31 163/1/31 189/1/31
f 188/1/32 187/1/32 191/1/32 192/1/32
f 186/1/33 185/1/33 189/1/33 190/1/33
f 168/1/34 192/1/34 167/1/34
f 191/1/8 190/1/8 165/1/8 166/1/8
f 189/1/35 163/1/35 164/1/35
f 192/1/36 191/1/36 166/1/36 167/1/36
f 190/1/37 189/1/37 164/1/37 165/1/37
f 197/1/11 196/1/11 201/1/11 202/1/11
f 195/1/12 194/1/12 199/1/12 200/1/12
f 198/1/13 197/1/13 202/1/13
f 196/1/1 195/1/1 200/1/1 201/1/1
f 194/1/10 193/1/10 199/1/10
f 201/1/2 200/1/2 204/1/2 205/1/2
f 199/1/15 193/1/15 203/1/15
f 202/1/16 201/1/16 205/1/16 206/1/16
f 200/1/17 199/1/17 203/1/17 204/1/17
f 198/1/14 202/1/14 206/1/14
f 205/1/3 204/1/3 208/1/3 209/1/3
f 203/1/19 193/1/19 207/1/19
f 206/1/20 205/1/20 209/1/20 210/1/20
f 204/1/21 203/1/21 207/1/21 208/1/21
f 198/1/18 206/1/18 210/1/18
f 209/1/4 208/1/4 212/1/4 213/1/4
f 207/1/23 193/1/23 211/1/23
f 210/1/24 209/1/24 213/1/24 214/1/24
f 208/1/25 207/1/25 211/1/25 212/1/25
f 198/1/22 210/1/22 214/1/22
f 213/1/5 212/1/5 216/1/5 217/1/5
f 211/1/27 193/1/27 215/1/27
f 214/1/28 213/1/28 217/1/28 218/1/28
f 212/1/29 211/1/29 215/1/29 216/1/29
f 198/1/26 214/1/26 218/1/26
f 217/1/7 216/1/7 220/1/7 221/1/7
f 215/1/31 193/1/31 219/1/31
f 218/1/32 217/1/32 221/1/32 222/1/32
f 216/1/33 215/1/33 219/1/33 220/1/33
f 198/1/30 218/1/30 222/1/30
f 221/1/8 220/1/8 195/1/8 196/1/8
f 219/1/35 193/1/35 194/1/35
f 222/1/36 221/1/36 196/1/36 197/1/36
f 220/1/37 219/1/37 194/1/37 195/1/37
f 198/1/34 222/1/34 197/1/34
f 223/1/1 224/1/1 226/1/1 225/1/1
f 225/1/2 226/1/2 228/1/2 227/1/2
f 227/1/3 228/1/3 230/1/3 229/1/3
f 229/1/4 230/1/4 232/1/4 231/1/4
f 231/1/5 232/1/5 234/1/5 233/1/5
f 226/1/6 224/1/6 236/1/6 234/1/6 232/1/6 230/1/6 228/1/6
f 233/1/7 234/1/7 236/1/7 235/1/7
f 235/1/8 236/1/8 224/1/8 223/1/8
f 223/1/9 225/1/9 227/1/9 229/1/9 231/1/9 233/1/9 235/1/9
f 241/1/11 240/1/11 245/1/11 246/1/11
f 239/1/12 238/1/12 243/1/12 244/1/12
f 242/1/13 241/1/13 246/1/13
f 240/1/1 239/1/1 244/1/1 245/1/1
f 238/1/10 237/1/10 243/1/10
f 245/1/2 244/1/2 248/1/2 249/1/2
f 243/1/15 237/1/15 247/1/15
f 246/1/16 245/1/16 249/1/16 250/1/16
f 244/1/17 243/1/17 247/1/17 248/1/17
f 242/1/14 246/1/14 250/1/14
f 249/1/3 248/1/3 252/1/3 253/1/3
f 247/1/19 237/1/19 251/1/19
f 250/1/20 249/1/20 253/1/20 254/1/20
f 248/1/21 247/1/21 251/1/21 252/1/21
f 242/1/18 250/1/18 254/1/18
f 253/1/4 252/1/4 256/1/4 257/1/4
f 251/1/23 237/1/23 255/1/23
f 254/1/24 253/1/24 257/1/24 258/1/24
f 252/1/25 251/1/25 255/1/25 256/1/25
f 242/1/22 254/1/22 258/1/22
f 257/1/5 256/1/5 260/1/5 261/1/5
f 255/1/27 237/1/27 259/1/27
f 258/1/28 257/1/28 261/1/28 262/1/28
f 256/1/29 255/1/29 259/1/29 260/1/29
f 242/1/26 258/1/26 262/1/26
f 261/1/7 260/1/7 264/1/7 265/1/7
f 259/1/31 237/1/31 263/1/31
f 262/1/32 261/1/32 265/1/32 266/1/32
f 260/1/33 259/1/33 263/1/33 264/1/33
f 242/1/30 262/1/30 266/1/30
f 265/1/8 264/1/8 239/1/8 240/1/8
f 263/1/35 237/1/35 238/1/35
f 266/1/36 265/1/36 240/1/36 241/1/36
f 264/1/37 263/1/37 238/1/37 239/1/37
f 242/1/34 266/1/34 241/1/34
f 271/1/11 270/1/11 275/1/11 276/1/11
f 269/1/12 268/1/12 273/1/12 274/1/12
f 272/1/13 271/1/13 276/1/13
f 270/1/1 269/1/1 274/1/1 275/1/1
f 268/1/10 267/1/10 273/1/10
f 275/1/2 274/1/2 278/1/2 279/1/2
f 273/1/15 267/1/15 277/1/15
f 276/1/16 275/1/16 279/1/16 280/1/16
f 274/1/17 273/1/17 277/1/17 278/1/17
f 272/1/14 276/1/14 280/1/14
f 279/1/3 278/1/3 282/1/3 283/1/3
f 277/1/19 267/1/19 281/1/19
f 280/1/20 279/1/20 283/1/20 284/1/20
f 278/1/21 277/1/21 281/1/21 282/1/21
f 272/1/18 280/1/18 284/1/18
f 283/1/4 282/1/4 286/1/4 287/1/4
f 281/1/23 267/1/23 285/1/23
f 284/1/24 283/1/24 287/1/24 288/1/24
f 282/1/25 281/1/25 285/1/25 286/1/25
f 272/1/22 284/1/22 288/1/22
f 287/1/5 286/1/5 290/1/5 291/1/5
f 285/1/27 267/1/27 289/1/27
f 288/1/28 287/1/28 291/1/28 292/1/28
f 286/1/29 285/1/29 289/1/29 290/1/29
f 272/1/26 288/1/26 292/1/26
f 291/1/7 290/1/7 294/1/7 295/1/7
f 289/1/31 267/1/31 293/1/31
f 292/1/32 291/1/32 295/1/32 296/1/32
f 290/1/33 289/1/33 293/1/33 294/1/33
f 272/1/30 292/1/30 296/1/30
f 295/1/8 294/1/8 269/1/8 270/1/8
f 293/1/35 267/1/35 268/1/35
f 296/1/36 295/1/36 270/1/36 271/1/36
f 294/1/37 293/1/37 268/1/37 269/1/37
f 272/1/34 296/1/34 271/1/34
f 297/1/38 298/1/38 300/1/38 299/1/38
f 299/1/39 300/1/39 304/1/39 303/1/39
f 303/1/40 304/1/40 302/1/40 301/1/40
f 301/1/4 302/1/4 298/1/4 297/1/4
f 299/1/9 303/1/9 301/1/9 297/1/9
f 304/1/6 300/1/6 298/1/6 302/1/6
f 305/1/41 306/1/41 308/1/41 307/1/41
f 307/1/42 308/1/42 310/1/42 309/1/42
f 309/1/43 310/1/43 312/1/43 311/1/43
f 311/1/4 312/1/4 314/1/4 313/1/4
f 313/1/44 314/1/44 316/1/44 315/1/44
f 308/1/40 306/1/40 318/1/40 316/1/40 314/1/40 312/1/40 310/1/40
f 315/1/45 316/1/45 318/1/45 317/1/45
f 317/1/46 318/1/46 306/1/46 305/1/46
f 305/1/38 307/1/38 309/1/38 311/1/38 313/1/38 315/1/38 317/1/38
f 321/1/47 320/1/47 325/1/47 326/1/47
f 324/1/48 323/1/48 328/1/48
f 322/1/41 321/1/41 326/1/41 327/1/41
f 320/1/49 319/1/49 325/1/49
f 323/1/50 322/1/50 327/1/50 328/1/50
f 328/1/51 327/1/51 331/1/51 332/1/51
f 326/1/52 325/1/52 329/1/52 330/1/52
f 324/1/53 328/1/53 332/1/53
f 327/1/42 326/1/42 330/1/42 331/1/42
f 325/1/54 319/1/54 329/1/54
f 332/1/55 331/1/55 335/1/55 336/1/55
f 330/1/56 329/1/56 333/1/56 334/1/56
f 324/1/57 332/1/57 336/1/57
f 331/1/43 330/1/43 334/1/43 335/1/43
f 329/1/58 319/1/58 333/1/58
f 336/1/59 335/1/59 339/1/59 340/1/59
f 334/1/60 333/1/60 337/1/60 338/1/60
f 324/1/61 336/1/61 340/1/61
f 335/1/4 334/1/4 338/1/4 339/1/4
f 333/1/62 319/1/62 337/1/62
f 340/1/63 339/1/63 343/1/63 344/1/63
f 338/1/64 337/1/64 341/1/64 342/1/64
f 324/1/65 340/1/65 344/1/65
f 339/1/44 338/1/44 342/1/44 343/1/44
f 337/1/66 319/1/66 341/1/66
f 344/1/67 343/1/67 347/1/67 348/1/67
f 342/1/68 341/1/68 345/1/68 346/1/68
f 324/1/69 344/1/69 348/1/69
f 343/1/45 342/1/45 346/1/45 347/1/45
f 341/1/70 319/1/70 345/1/70
f 348/1/71 347/1/71 322/1/71 323/1/71
f 346/1/72 345/1/72 320/1/72 321/1/72
f 324/1/73 348/1/73 323/1/73
f 347/1/46 346/1/46 321/1/46 322/1/46
f 345/1/74 319/1/74 320/1/74
f 351/1/47 350/1/47 355/1/47 356/1/47
f 354/1/48 353/1/48 358/1/48
f 352/1/41 351/1/41 356/1/41 357/1/41
f 350/1/49 349/1/49 355/1/49
f 353/1/50 352/1/50 357/1/50 358/1/50
f 358/1/51 357/1/51 361/1/51 362/1/51
f 356/1/52 355/1/52 359/1/52 360/1/52
f 354/1/53 358/1/53 362/1/53
f 357/1/42 356/1/42 360/1/42 361/1/42
f 355/1/54 349/1/54 359/1/54
f 362/1/55 361/1/55 365/1/55 366/1/55
f 360/1/56 359/1/56 363/1/56 364/1/56
f 354/1/57 362/1/57 366/1/57
f 361/1/43 360/1/43 364/1/43 365/1/43
f 359/1/58 349/1/58 363/1/58
f 366/1/59 365/1/59 369/1/59 370/1/59
f 364/1/60 363/1/60 367/1/60 368/1/60
f 354/1/61 366/1/61 370/1/61
f 365/1/4 364/1/4 368/1/4 369/1/4
f 363/1/62 349/1/62 367/1/62
f 370/1/63 369/1/63 373/1/63 374/1/63
f 368/1/64 367/1/64 371/1/64 372/1/64
f 354/1/65 370/1/65 374/1/65
f 369/1/44 368/1/44 372/1/44 373/1/44
f 367/1/66 349/1/66 371/1/66
f 374/1/67 373/1/67 377/1/67 378/1/67
f 372/1/68 371/1/68 375/1/68 376/1/68
f 354/1/69 374/1/69 378/1/69
f 373/1/45 372/1/45 376/1/45 377/1/45
f 371/1/70 349/1/70 375/1/70
f 378/1/71 377/1/71 352/1/71 353/1/71
f 376/1/72 375/1/72 350/1/72 351/1/72
f 354/1/73 378/1/73 353/1/73
f 377/1/46 376/1/46 351/1/46 352/1/46
f 375/1/74 349/1/74 350/1/74
f 379/1/38 380/1/38 382/1/38 381/1/38
f 381/1/39 382/1/39 386/1/39 385/1/39
f 385/1/40 386/1/40 384/1/40 383/1/40
f 383/1/4 384/1/4 380/1/4 379/1/4
f 381/1/9 385/1/9 383/1/9 379/1/9
f 386/1/6 382/1/6 380/1/6 384/1/6
f 387/1/1 388/1/1 390/1/1 389/1/1
f 389/1/2 390/1/2 392/1/2 391/1/2
f 391/1/3 392/1/3 394/1/3 393/1/3
f 393/1/4 394/1/4 396/1/4 395/1/4
f 395/1/5 396/1/5 398/1/5 397/1/5
f 390/1/6 388/1/6 400/1/6 398/1/6 396/1/6 394/1/6 392/1/6
f 397/1/7 398/1/7 400/1/7 399/1/7
f 399/1/8 400/1/8 388/1/8 387/1/8
f 387/1/9 389/1/9 391/1/9 393/1/9 395/1/9 397/1/9 399/1/9
f 402/1/10 401/1/10 407/1/10
f 405/1/11 404/1/11 409/1/11 410/1/11
f 403/1/12 402/1/12 407/1/12 408/1/12
f 406/1/13 405/1/13 410/1/13
f 404/1/1 403/1/1 408/1/1 409/1/1
f 406/1/14 410/1/14 414/1/14
f 409/1/2 408/1/2 412/1/2 413/1/2
f 407/1/15 401/1/15 411/1/15
f 410/1/16 409/1/16 413/1/16 414/1/16
f 408/1/17 407/1/17 411/1/17 412/1/17
f 406/1/18 414/1/18 418/1/18
f 413/1/3 412/1/3 416/1/3 417/1/3
f 411/1/19 401/1/19 415/1/19
f 414/1/20 413/1/20 417/1/20 418/1/20
f 412/1/21 411/1/21 415/1/21 416/1/21
f 406/1/22 418/1/22 422/1/22
f 417/1/4 416/1/4 420/1/4 421/1/4
f 415/1/23 401/1/23 419/1/23
f 418/1/24 417/1/24 421/1/24 422/1/24
f 416/1/25 415/1/25 419/1/25 420/1/25
f 406/1/26 422/1/26 426/1/26
f 421/1/5 420/1/5 424/1/5 425/1/5
f 419/1/27 401/1/27 423/1/27
f 422/1/28 421/1/28 425/1/28 426/1/28
f 420/1/29 419/1/29 423/1/29 424/1/29
f 406/1/30 426/1/30 430/1/30
f 425/1/7 424/1/7 428/1/7 429/1/7
f 423/1/31 401/1/31 427/1/31
f 426/1/32 425/1/32 429/1/32 430/1/32
f 424/1/33 423/1/33 427/1/33 428/1/33
f 406/1/34 430/1/34 405/1/34
f 429/1/8 428/1/8 403/1/8 404/1/8
f 427/1/35 401/1/35 402/1/35
f 430/1/36 429/1/36 404/1/36 405/1/36
f 428/1/37 427/1/37 402/1/37 403/1/37
f 436/1/13 435/1/13 440/1/13
f 434/1/1 433/1/1 438/1/1 439/1/1
f 432/1/10 431/1/10 437/1/10
f 435/1/11 434/1/11 439/1/11 440/1/11
f 433/1/12 432/1/12 437/1/12 438/1/12
f 440/1/16 439/1/16 443/1/16 444/1/16
f 438/1/17 437/1/17 441/1/17 442/1/17
f 436/1/14 440/1/14 444/1/14
f 439/1/2 438/1/2 442/1/2 443/1/2
f 437/1/15 431/1/15 441/1/15
f 444/1/20 443/1/20 447/1/20 448/1/20
f 442/1/21 441/1/21 445/1/21 446/1/21
f 436/1/18 444/1/18 448/1/18
f 443/1/3 442/1/3 446/1/3 447/1/3
f 441/1/19 431/1/19 445/1/19
f 448/1/24 447/1/24 451/1/24 452/1/24
f 446/1/25 445/1/25 449/1/25 450/1/25
f 436/1/22 448/1/22 452/1/22
f 447/1/4 446/1/4 450/1/4 451/1/4
f 445/1/23 431/1/23 449/1/23
f 452/1/28 451/1/28 455/1/28 456/1/28
f 450/1/29 449/1/29 453/1/29 454/1/29
f 436/1/26 452/1/26 456/1/26
f 451/1/5 450/1/5 454/1/5 455/1/5
f 449/1/27 431/1/27 453/1/27
f 456/1/32 455/1/32 459/1/32 460/1/32
f 454/1/33 453/1/33 457/1/33 458/1/33
f 436/1/30 456/1/30 460/1/30
f 455/1/7 454/1/7 458/1/7 459/1/7
f 453/1/31 431/1/31 457/1/31
f 460/1/36 459/1/36 434/1/36 435/1/36
f 458/1/37 457/1/37 432/1/37 433/1/37
f 436/1/34 460/1/34 435/1/34
f 459/1/8 458/1/8 433/1/8 434/1/8
f 457/1/35 431/1/35 432/1/35
f 461/1/1 462/1/1 464/1/1 463/1/1
f 463/1/2 464/1/2 466/1/2 465/1/2
f 465/1/3 466/1/3 468/1/3 467/1/3
f 467/1/4 468/1/4 470/1/4 469/1/4
f 469/1/5 470/1/5 472/1/5 471/1/5
f 464/1/6 462/1/6 474/1/6 472/1/6 470/1/6 468/1/6 466/1/6
f 471/1/7 472/1/7 474/1/7 473/1/7
f 473/1/8 474/1/8 462/1/8 461/1/8
f 461/1/9 463/1/9 465/1/9 467/1/9 469/1/9 471/1/9 473/1/9
f 480/1/13 479/1/13 484/1/13
f 478/1/1 477/1/1 482/1/1 483/1/1
f 476/1/75 475/1/75 481/1/75
f 479/1/11 478/1/11 483/1/11 484/1/11
f 477/1/12 476/1/12 481/1/12 482/1/12
f 480/1/14 484/1/14 488/1/14
f 483/1/2 482/1/2 486/1/2 487/1/2
f 481/1/76 475/1/76 485/1/76
f 484/1/16 483/1/16 487/1/16 488/1/16
f 482/1/17 481/1/17 485/1/17 486/1/17
f 480/1/18 488/1/18 492/1/18
f 487/1/3 486/1/3 490/1/3 491/1/3
f 485/1/77 475/1/77 489/1/77
f 488/1/20 487/1/20 491/1/20 492/1/20
f 486/1/21 485/1/21 489/1/21 490/1/21
f 480/1/22 492/1/22 496/1/22
f 491/1/4 490/1/4 494/1/4 495/1/4
f 489/1/78 475/1/78 493/1/78
f 492/1/24 491/1/24 495/1/24 496/1/24
f 490/1/25 489/1/25 493/1/25 494/1/25
f 480/1/26 496/1/26 500/1/26
f 495/1/5 494/1/5 498/1/5 499/1/5
f 493/1/79 475/1/79 497/1/79
f 496/1/28 495/1/28 499/1/28 500/1/28
f 494/1/29 493/1/29 497/1/29 498/1/29
f 480/1/30 500/1/30 504/1/30
f 499/1/7 498/1/7 502/1/7 503/1/7
f 497/1/80 475/1/80 501/1/80
f 500/1/32 499/1/32 503/1/32 504/1/32
f 498/1/33 497/1/33 501/1/33 502/1/33
f 480/1/34 504/1/34 479/1/34
f 503/1/8 502/1/8 477/1/8 478/1/8
f 501/1/81 475/1/81 476/1/81
f 504/1/36 503/1/36 478/1/36 479/1/36
f 502/1/37 501/1/37 476/1/37 477/1/37
f 510/1/13 509/1/13 514/1/13
f 508/1/1 507/1/1 512/1/1 513/1/1
f 506/1/10 505/1/10 511/1/10
f 509/1/11 508/1/11 513/1/11 514/1/11
f 507/1/12 506/1/12 511/1/12 512/1/12
f 510/1/14 514/1/14 518/1/14
f 513/1/2 512/1/2 516/1/2 517/1/2
f 511/1/15 505/1/15 515/1/15
f 514/1/16 513/1/16 517/1/16 518/1/16
f 512/1/17 511/1/17 515/1/17 516/1/17
f 510/1/18 518/1/18 522/1/18
f 517/1/3 516/1/3 520/1/3 521/1/3
f 515/1/19 505/1/19 519/1/19
f 518/1/20 517/1/20 521/1/20 522/1/20
f 516/1/21 515/1/21 519/1/21 520/1/21
f 510/1/22 522/1/22 526/1/22
f 521/1/4 520/1/4 524/1/4 525/1/4
f 519/1/23 505/1/23 523/1/23
f 522/1/24 521/1/24 525/1/24 526/1/24
f 520/1/25 519/1/25 523/1/25 524/1/25
f 510/1/26 526/1/26 530/1/26
f 525/1/5 524/1/5 528/1/5 529/1/5
f 523/1/27 505/1/27 527/1/27
f 526/1/28 525/1/28 529/1/28 530/1/28
f 524/1/29 523/1/29 527/1/29 528/1/29
f 510/1/30 530/1/30 534/1/30
f 529/1/7 528/1/7 532/1/7 533/1/7
f 527/1/31 505/1/31 531/1/31
f 530/1/32 529/1/32 533/1/32 534/1/32
f 528/1/33 527/1/33 531/1/33 532/1/33
f 510/1/34 534/1/34 509/1/34
f 533/1/8 532/1/8 507/1/8 508/1/8
f 531/1/35 505/1/35 506/1/35
f 534/1/36 533/1/36 508/1/36 509/1/36
f 532/1/37 531/1/37 506/1/37 507/1/37
f 535/1/1 536/1/1 538/1/1 537/1/1
f 537/1/2 538/1/2 540/1/2 539/1/2
f 539/1/3 540/1/3 542/1/3 541/1/3
f 541/1/4 542/1/4 544/1/4 543/1/4
f 543/1/5 544/1/5 546/1/5 545/1/5
f 538/1/6 536/1/6 548/1/6 546/1/6 544/1/6 542/1/6 540/1/6
f 545/1/7 546/1/7 548/1/7 547/1/7
f 547/1/8 548/1/8 536/1/8 535/1/8
f 535/1/9 537/1/9 539/1/9 541/1/9 543/1/9 545/1/9 547/1/9
f 551/1/12 550/1/12 555/1/12 556/1/12
f 554/1/13 553/1/13 558/1/13
f 552/1/1 551/1/1 556/1/1 557/1/1
f 550/1/75 549/1/75 555/1/75
f 553/1/11 552/1/11 557/1/11 558/1/11
f 558/1/16 557/1/16 561/1/16 562/1/16
f 556/1/17 555/1/17 559/1/17 560/1/17
f 554/1/14 558/1/14 562/1/14
f 557/1/2 556/1/2 560/1/2 561/1/2
f 555/1/76 549/1/76 559/1/76
f 562/1/20 561/1/20 565/1/20 566/1/20
f 560/1/21 559/1/21 563/1/21 564/1/21
f 554/1/18 562/1/18 566/1/18
f 561/1/3 560/1/3 564/1/3 565/1/3
f 559/1/77 549/1/77 563/1/77
f 566/1/24 565/1/24 569/1/24 570/1/24
f 564/1/25 563/1/25 567/1/25 568/1/25
f 554/1/22 566/1/22 570/1/22
f 565/1/4 564/1/4 568/1/4 569/1/4
f 563/1/78 549/1/78 567/1/78
f 570/1/28 569/1/28 573/1/28 574/1/28
f 568/1/29 567/1/29 571/1/29 572/1/29
f 554/1/26 570/1/26 574/1/26
f 569/1/5 568/1/5 572/1/5 573/1/5
f 567/1/79 549/1/79 571/1/79
f 574/1/32 573/1/32 577/1/32 578/1/32
f 572/1/33 571/1/33 575/1/33 576/1/33
f 554/1/30 574/1/30 578/1/30
f 573/1/7 572/1/7 576/1/7 577/1/7
f 571/1/80 549/1/80 575/1/80
f 578/1/36 577/1/36 552/1/36 553/1/36
f 576/1/37 575/1/37 550/1/37 551/1/37
f 554/1/34 578/1/34 553/1/34
f 577/1/8 576/1/8 551/1/8 552/1/8
f 575/1/81 549/1/81 550/1/81
f 583/1/11 582/1/11 587/1/11 588/1/11
f 581/1/12 580/1/12 585/1/12 586/1/12
f 584/1/13 583/1/13 588/1/13
f 582/1/1 581/1/1 586/1/1 587/1/1
f 580/1/10 579/1/10 585/1/10
f 585/1/15 579/1/15 589/1/15
f 588/1/16 587/1/16 591/1/16 592/1/16
f 586/1/17 585/1/17 589/1/17 590/1/17
f 584/1/14 588/1/14 592/1/14
f 587/1/2 586/1/2 590/1/2 591/1/2
f 589/1/19 579/1/19 593/1/19
f 592/1/20 591/1/20 595/1/20 596/1/20
f 590/1/21 589/1/21 593/1/21 594/1/21
f 584/1/18 592/1/18 596/1/18
f 591/1/3 590/1/3 594/1/3 595/1/3
f 593/1/23 579/1/23 597/1/23
f 596/1/24 595/1/24 599/1/24 600/1/24
f 594/1/25 593/1/25 597/1/25 598/1/25
f 584/1/22 596/1/22 600/1/22
f 595/1/4 594/1/4 598/1/4 599/1/4
f 597/1/27 579/1/27 601/1/27
f 600/1/28 599/1/28 603/1/28 604/1/28
f 598/1/29 597/1/29 601/1/29 602/1/29
f 584/1/26 600/1/26 604/1/26
f 599/1/5 598/1/5 602/1/5 603/1/5
f 601/1/31 579/1/31 605/1/31
f 604/1/32 603/1/32 607/1/32 608/1/32
f 602/1/33 601/1/33 605/1/33 606/1/33
f 584/1/30 604/1/30 608/1/30
f 603/1/7 602/1/7 606/1/7 607/1/7
f 605/1/35 579/1/35 580/1/35
f 608/1/36 607/1/36 582/1/36 583/1/36
f 606/1/37 605/1/37 580/1/37 581/1/37
f 584/1/34 608/1/34 583/1/34
f 607/1/8 606/1/8 581/1/8 582/1/8
f 609/1/82 615/1/82 610/1/82
f 610/1/83 615/1/83 611/1/83
f 611/1/84 615/1/84 612/1/84
f 612/1/85 615/1/85 613/1/85
f 609/1/9 610/1/9 611/1/9 612/1/9 613/1/9 614/1/9
f 613/1/86 615/1/86 614/1/86
f 614/1/87 615/1/87 609/1/87
f 616/1/88 2359/1/88 617/1/88
f 617/1/89 2359/1/89 618/1/89
f 618/1/90 2359/1/90 619/1/90
f 619/1/91 2359/1/91 620/1/91
f 616/1/9 617/1/9 618/1/9 619/1/9 620/1/9 621/1/9
f 620/1/92 2359/1/92 621/1/92
f 621/1/93 2359/1/93 616/1/93
f 622/1/94 628/1/94 623/1/94
f 623/1/95 628/1/95 624/1/95
f 624/1/96 628/1/96 625/1/96
f 625/1/97 628/1/97 626/1/97
f 622/1/9 623/1/9 624/1/9 625/1/9 626/1/9 627/1/9
f 626/1/98 628/1/98 627/1/98
f 627/1/99 628/1/99 622/1/99
f 629/1/94 635/1/94 630/1/94
f 630/1/95 635/1/95 631/1/95
f 631/1/96 635/1/96 632/1/96
f 632/1/97 635/1/97 633/1/97
f 629/1/9 630/1/9 631/1/9 632/1/9 633/1/9 634/1/9
f 633/1/98 635/1/98 634/1/98
f 634/1/99 635/1/99 629/1/99
f 636/1/88 2378/1/88 637/1/88
f 637/1/89 2378/1/89 638/1/89
f 638/1/90 2378/1/90 639/1/90
f 639/1/91 2378/1/91 640/1/91
f 636/1/9 637/1/9 638/1/9 639/1/9 640/1/9 641/1/9
f 640/1/92 2378/1/92 641/1/92
f 641/1/93 2378/1/93 636/1/93
f 642/1/82 648/1/82 643/1/82
f 643/1/83 648/1/83 644/1/83
f 644/1/84 648/1/84 645/1/84
f 645/1/85 648/1/85 646/1/85
f 642/1/9 643/1/9 644/1/9 645/1/9 646/1/9 647/1/9
f 646/1/86 648/1/86 647/1/86
f 647/1/87 648/1/87 642/1/87
f 649/1/100 650/1/100 652/1/100 651/1/100
f 651/1/9 652/1/9 654/1/9 653/1/9
f 653/1/101 654/1/101 656/1/101 655/1/101
f 655/1/102 656/1/102 658/1/102 657/1/102
f 652/1/103 650/1/103 660/1/103 658/1/103 656/1/103 654/1/103
f 657/1/6 658/1/6 660/1/6 659/1/6
f 659/1/104 660/1/104 650/1/104 649/1/104
f 649/1/105 651/1/105 653/1/105 655/1/105 657/1/105 659/1/105
f 661/1/106 662/1/106 664/1/106 663/1/106
f 663/1/9 664/1/9 666/1/9 665/1/9
f 665/1/107 666/1/107 668/1/107 667/1/107
f 667/1/108 668/1/108 670/1/108 669/1/108
f 664/1/109 662/1/109 672/1/109 670/1/109 668/1/109 666/1/109
f 669/1/6 670/1/6 672/1/6 671/1/6
f 671/1/110 672/1/110 662/1/110 661/1/110
f 661/1/111 663/1/111 665/1/111 667/1/111 669/1/111 671/1/111
f 673/1/112 674/1/112 676/1/112 675/1/112
f 675/1/9 676/1/9 678/1/9 677/1/9
f 677/1/113 678/1/113 680/1/113 679/1/113
f 679/1/114 680/1/114 682/1/114 681/1/114
f 676/1/40 674/1/40 684/1/40 682/1/40 680/1/40 678/1/40
f 681/1/6 682/1/6 684/1/6 683/1/6
f 683/1/115 684/1/115 674/1/115 673/1/115
f 673/1/38 675/1/38 677/1/38 679/1/38 681/1/38 683/1/38
f 685/1/116 686/1/116 688/1/116 687/1/116
f 687/1/9 688/1/9 690/1/9 689/1/9
f 689/1/117 690/1/117 692/1/117 691/1/117
f 691/1/118 692/1/118 694/1/118 693/1/118
f 688/1/119 686/1/119 696/1/119 694/1/119 692/1/119 690/1/119
f 693/1/6 694/1/6 696/1/6 695/1/6
f 695/1/120 696/1/120 686/1/120 685/1/120
f 685/1/121 687/1/121 689/1/121 691/1/121 693/1/121 695/1/121
f 697/1/122 698/1/122 700/1/122 699/1/122
f 699/1/9 700/1/9 702/1/9 701/1/9
f 701/1/123 702/1/123 704/1/123 703/1/123
f 703/1/124 704/1/124 706/1/124 705/1/124
f 700/1/125 698/1/125 708/1/125 706/1/125 704/1/125 702/1/125
f 705/1/6 706/1/6 708/1/6 707/1/6
f 707/1/126 708/1/126 698/1/126 697/1/126
f 697/1/127 699/1/127 701/1/127 703/1/127 705/1/127 707/1/127
f 712/1/128 711/1/128 715/1/128 716/1/128
f 710/1/129 709/1/129 714/1/129
f 713/1/130 712/1/130 716/1/130
f 711/1/131 710/1/131 714/1/131 715/1/131
f 713/1/132 716/1/132 719/1/132
f 715/1/133 714/1/133 717/1/133 718/1/133
f 716/1/134 715/1/134 718/1/134 719/1/134
f 714/1/135 709/1/135 717/1/135
f 717/1/136 709/1/136 720/1/136
f 713/1/137 719/1/137 722/1/137
f 718/1/138 717/1/138 720/1/138 721/1/138
f 719/1/139 718/1/139 721/1/139 722/1/139
f 722/1/140 721/1/140 724/1/140 725/1/140
f 720/1/141 709/1/141 723/1/141
f 713/1/142 722/1/142 725/1/142
f 721/1/143 720/1/143 723/1/143 724/1/143
f 725/1/144 724/1/144 727/1/144 728/1/144
f 723/1/145 709/1/145 726/1/145
f 713/1/146 725/1/146 728/1/146
f 724/1/147 723/1/147 726/1/147 727/1/147
f 728/1/148 727/1/148 711/1/148 712/1/148
f 726/1/149 709/1/149 710/1/149
f 713/1/150 728/1/150 712/1/150
f 727/1/151 726/1/151 710/1/151 711/1/151
f 732/1/128 731/1/128 735/1/128 736/1/128
f 730/1/129 729/1/129 734/1/129
f 733/1/130 732/1/130 736/1/130
f 731/1/131 730/1/131 734/1/131 735/1/131
f 736/1/134 735/1/134 738/1/134 739/1/134
f 734/1/135 729/1/135 737/1/135
f 733/1/132 736/1/132 739/1/132
f 735/1/133 734/1/133 737/1/133 738/1/133
f 739/1/139 738/1/139 741/1/139 742/1/139
f 737/1/136 729/1/136 740/1/136
f 733/1/137 739/1/137 742/1/137
f 738/1/138 737/1/138 740/1/138 741/1/138
f 742/1/140 741/1/140 744/1/140 745/1/140
f 740/1/141 729/1/141 743/1/141
f 733/1/142 742/1/142 745/1/142
f 741/1/143 740/1/143 743/1/143 744/1/143
f 744/1/147 743/1/147 746/1/147 747/1/147
f 745/1/144 744/1/144 747/1/144 748/1/144
f 743/1/145 729/1/145 746/1/145
f 733/1/146 745/1/146 748/1/146
f 733/1/150 748/1/150 732/1/150
f 747/1/151 746/1/151 730/1/151 731/1/151
f 748/1/148 747/1/148 731/1/148 732/1/148
f 746/1/149 729/1/149 730/1/149
f 749/1/152 750/1/152 752/1/152 751/1/152
f 751/1/9 752/1/9 754/1/9 753/1/9
f 753/1/153 754/1/153 756/1/153 755/1/153
f 755/1/154 756/1/154 758/1/154 757/1/154
f 752/1/155 750/1/155 760/1/155 758/1/155 756/1/155 754/1/155
f 757/1/6 758/1/6 760/1/6 759/1/6
f 759/1/156 760/1/156 750/1/156 749/1/156
f 749/1/157 751/1/157 753/1/157 755/1/157 757/1/157 759/1/157
f 761/1/158 762/1/158 764/1/158 763/1/158
f 763/1/9 764/1/9 766/1/9 765/1/9
f 765/1/159 766/1/159 768/1/159 767/1/159
f 767/1/160 768/1/160 770/1/160 769/1/160
f 764/1/161 762/1/161 772/1/161 770/1/161 768/1/161 766/1/161
f 769/1/6 770/1/6 772/1/6 771/1/6
f 771/1/162 772/1/162 762/1/162 761/1/162
f 761/1/163 763/1/163 765/1/163 767/1/163 769/1/163 771/1/163
f 773/1/112 774/1/112 776/1/112 775/1/112
f 775/1/9 776/1/9 778/1/9 777/1/9
f 777/1/113 778/1/113 780/1/113 779/1/113
f 779/1/114 780/1/114 782/1/114 781/1/114
f 776/1/40 774/1/40 784/1/40 782/1/40 780/1/40 778/1/40
f 781/1/6 782/1/6 784/1/6 783/1/6
f 783/1/115 784/1/115 774/1/115 773/1/115
f 773/1/38 775/1/38 777/1/38 779/1/38 781/1/38 783/1/38
f 785/1/164 786/1/164 788/1/164 787/1/164
f 787/1/9 788/1/9 790/1/9 789/1/9
f 789/1/165 790/1/165 792/1/165 791/1/165
f 791/1/166 792/1/166 794/1/166 793/1/166
f 788/1/167 786/1/167 796/1/167 794/1/167 792/1/167 790/1/167
f 793/1/6 794/1/6 796/1/6 795/1/6
f 795/1/168 796/1/168 786/1/168 785/1/168
f 785/1/169 787/1/169 789/1/169 791/1/169 793/1/169 795/1/169
f 797/1/170 798/1/170 800/1/170 799/1/170
f 799/1/9 800/1/9 802/1/9 801/1/9
f 801/1/171 802/1/171 804/1/171 803/1/171
f 803/1/172 804/1/172 806/1/172 805/1/172
f 800/1/173 798/1/173 808/1/173 806/1/173 804/1/173 802/1/173
f 805/1/6 806/1/6 808/1/6 807/1/6
f 807/1/174 808/1/174 798/1/174 797/1/174
f 797/1/175 799/1/175 801/1/175 803/1/175 805/1/175 807/1/175
f 813/1/130 812/1/130 816/1/130
f 811/1/131 810/1/131 814/1/131 815/1/131
f 812/1/128 811/1/128 815/1/128 816/1/128
f 810/1/129 809/1/129 814/1/129
f 815/1/133 814/1/133 817/1/133 818/1/133
f 816/1/134 815/1/134 818/1/134 819/1/134
f 814/1/135 809/1/135 817/1/135
f 813/1/132 816/1/132 819/1/132
f 813/1/137 819/1/137 822/1/137
f 818/1/138 817/1/138 820/1/138 821/1/138
f 819/1/139 818/1/139 821/1/139 822/1/139
f 817/1/136 809/1/136 820/1/136
f 813/1/142 822/1/142 825/1/142
f 821/1/143 820/1/143 823/1/143 824/1/143
f 822/1/140 821/1/140 824/1/140 825/1/140
f 820/1/141 809/1/141 823/1/141
f 813/1/146 825/1/146 828/1/146
f 824/1/147 823/1/147 826/1/147 827/1/147
f 825/1/144 824/1/144 827/1/144 828/1/144
f 823/1/145 809/1/145 826/1/145
f 813/1/150 828/1/150 812/1/150
f 827/1/151 826/1/151 810/1/151 811/1/151
f 828/1/148 827/1/148 811/1/148 812/1/148
f 826/1/149 809/1/149 810/1/149
f 832/1/128 831/1/128 835/1/128 836/1/128
f 830/1/129 829/1/129 834/1/129
f 833/1/130 832/1/130 836/1/130
f 831/1/131 830/1/131 834/1/131 835/1/131
f 836/1/134 835/1/134 838/1/134 839/1/134
f 834/1/135 829/1/135 837/1/135
f 833/1/132 836/1/132 839/1/132
f 835/1/133 834/1/133 837/1/133 838/1/133
f 839/1/139 838/1/139 841/1/139 842/1/139
f 837/1/136 829/1/136 840/1/136
f 833/1/137 839/1/137 842/1/137
f 838/1/138 837/1/138 840/1/138 841/1/138
f 842/1/140 841/1/140 844/1/140 845/1/140
f 840/1/141 829/1/141 843/1/141
f 833/1/142 842/1/142 845/1/142
f 841/1/143 840/1/143 843/1/143 844/1/143
f 844/1/147 843/1/147 846/1/147 847/1/147
f 845/1/144 844/1/144 847/1/144 848/1/144
f 843/1/145 829/1/145 846/1/145
f 833/1/146 845/1/146 848/1/146
f 833/1/150 848/1/150 832/1/150
f 847/1/151 846/1/151 830/1/151 831/1/151
f 848/1/148 847/1/148 831/1/148 832/1/148
f 846/1/149 829/1/149 830/1/149
f 849/1/176 850/1/176 852/1/176 851/1/176
f 851/1/9 852/1/9 854/1/9 853/1/9
f 853/1/177 854/1/177 856/1/177 855/1/177
f 855/1/178 856/1/178 858/1/178 857/1/178
f 852/1/179 850/1/179 860/1/179 858/1/179 856/1/179 854/1/179
f 857/1/6 858/1/6 860/1/6 859/1/6
f 859/1/180 860/1/180 850/1/180 849/1/180
f 849/1/181 851/1/181 853/1/181 855/1/181 857/1/181 859/1/181
f 861/1/182 862/1/182 864/1/182 863/1/182
f 863/1/9 864/1/9 866/1/9 865/1/9
f 865/1/183 866/1/183 868/1/183 867/1/183
f 867/1/184 868/1/184 870/1/184 869/1/184
f 864/1/185 862/1/185 872/1/185 870/1/185 868/1/185 866/1/185
f 869/1/6 870/1/6 872/1/6 871/1/6
f 871/1/186 872/1/186 862/1/186 861/1/186
f 861/1/187 863/1/187 865/1/187 867/1/187 869/1/187 871/1/187
f 873/1/112 874/1/112 876/1/112 875/1/112
f 875/1/9 876/1/9 878/1/9 877/1/9
f 877/1/113 878/1/113 880/1/113 879/1/113
f 879/1/114 880/1/114 882/1/114 881/1/114
f 876/1/40 874/1/40 884/1/40 882/1/40 880/1/40 878/1/40
f 881/1/6 882/1/6 884/1/6 883/1/6
f 883/1/115 884/1/115 874/1/115 873/1/115
f 873/1/38 875/1/38 877/1/38 879/1/38 881/1/38 883/1/38
f 885/1/188 886/1/188 888/1/188 887/1/188
f 887/1/9 888/1/9 890/1/9 889/1/9
f 889/1/189 890/1/189 892/1/189 891/1/189
f 891/1/190 892/1/190 894/1/190 893/1/190
f 888/1/191 886/1/191 896/1/191 894/1/191 892/1/191 890/1/191
f 893/1/6 894/1/6 896/1/6 895/1/6
f 895/1/192 896/1/192 886/1/192 885/1/192
f 885/1/193 887/1/193 889/1/193 891/1/193 893/1/193 895/1/193
f 897/1/194 898/1/194 900/1/194 899/1/194
f 899/1/9 900/1/9 902/1/9 901/1/9
f 901/1/195 902/1/195 904/1/195 903/1/195
f 903/1/196 904/1/196 906/1/196 905/1/196
f 900/1/197 898/1/197 908/1/197 906/1/197 904/1/197 902/1/197
f 905/1/6 906/1/6 908/1/6 907/1/6
f 907/1/198 908/1/198 898/1/198 897/1/198
f 897/1/199 899/1/199 901/1/199 903/1/199 905/1/199 907/1/199
f 912/1/128 911/1/128 915/1/128 916/1/128
f 910/1/129 909/1/129 914/1/129
f 913/1/130 912/1/130 916/1/130
f 911/1/131 910/1/131 914/1/131 915/1/131
f 916/1/134 915/1/134 918/1/134 919/1/134
f 914/1/135 909/1/135 917/1/135
f 913/1/132 916/1/132 919/1/132
f 915/1/133 914/1/133 917/1/133 918/1/133
f 919/1/139 918/1/139 921/1/139 922/1/139
f 917/1/136 909/1/136 920/1/136
f 913/1/137 919/1/137 922/1/137
f 918/1/138 917/1/138 920/1/138 921/1/138
f 922/1/140 921/1/140 924/1/140 925/1/140
f 920/1/141 909/1/141 923/1/141
f 913/1/142 922/1/142 925/1/142
f 921/1/143 920/1/143 923/1/143 924/1/143
f 924/1/147 923/1/147 926/1/147 927/1/147
f 925/1/144 924/1/144 927/1/144 928/1/144
f 923/1/145 909/1/145 926/1/145
f 913/1/146 925/1/146 928/1/146
f 913/1/150 928/1/150 912/1/150
f 927/1/151 926/1/151 910/1/151 911/1/151
f 928/1/148 927/1/148 911/1/148 912/1/148
f 926/1/149 909/1/149 910/1/149
f 933/1/130 932/1/130 936/1/130
f 931/1/131 930/1/131 934/1/131 935/1/131
f 932/1/128 931/1/128 935/1/128 936/1/128
f 930/1/129 929/1/129 934/1/129
f 933/1/132 936/1/132 939/1/132
f 935/1/133 934/1/133 937/1/133 938/1/133
f 936/1/134 935/1/134 938/1/134 939/1/134
f 934/1/135 929/1/135 937/1/135
f 933/1/137 939/1/137 942/1/137
f 938/1/138 937/1/138 940/1/138 941/1/138
f 939/1/139 938/1/139 941/1/139 942/1/139
f 937/1/136 929/1/136 940/1/136
f 933/1/142 942/1/142 945/1/142
f 941/1/143 940/1/143 943/1/143 944/1/143
f 942/1/140 941/1/140 944/1/140 945/1/140
f 940/1/141 929/1/141 943/1/141
f 933/1/146 945/1/146 948/1/146
f 944/1/147 943/1/147 946/1/147 947/1/147
f 945/1/144 944/1/144 947/1/144 948/1/144
f 943/1/145 929/1/145 946/1/145
f 946/1/149 929/1/149 930/1/149
f 933/1/150 948/1/150 932/1/150
f 947/1/151 946/1/151 930/1/151 931/1/151
f 948/1/148 947/1/148 931/1/148 932/1/148
f 949/1/200 950/1/200 952/1/200 951/1/200
f 951/1/9 952/1/9 954/1/9 953/1/9
f 953/1/201 954/1/201 956/1/201 955/1/201
f 955/1/202 956/1/202 958/1/202 957/1/202
f 952/1/203 950/1/203 960/1/203 958/1/203 956/1/203 954/1/203
f 957/1/6 958/1/6 960/1/6 959/1/6
f 959/1/204 960/1/204 950/1/204 949/1/204
f 949/1/205 951/1/205 953/1/205 955/1/205 957/1/205 959/1/205
f 961/1/206 962/1/206 964/1/206 963/1/206
f 963/1/9 964/1/9 966/1/9 965/1/9
f 965/1/207 966/1/207 968/1/207 967/1/207
f 967/1/208 968/1/208 970/1/208 969/1/208
f 964/1/209 962/1/209 972/1/209 970/1/209 968/1/209 966/1/209
f 969/1/6 970/1/6 972/1/6 971/1/6
f 971/1/210 972/1/210 962/1/210 961/1/210
f 961/1/211 963/1/211 965/1/211 967/1/211 969/1/211 971/1/211
f 973/1/112 974/1/112 976/1/112 975/1/112
f 975/1/9 976/1/9 978/1/9 977/1/9
f 977/1/113 978/1/113 980/1/113 979/1/113
f 979/1/114 980/1/114 982/1/114 981/1/114
f 976/1/40 974/1/40 984/1/40 982/1/40 980/1/40 978/1/40
f 981/1/6 982/1/6 984/1/6 983/1/6
f 983/1/115 984/1/115 974/1/115 973/1/115
f 973/1/38 975/1/38 977/1/38 979/1/38 981/1/38 983/1/38
f 985/1/212 986/1/212 988/1/212 987/1/212
f 987/1/9 988/1/9 990/1/9 989/1/9
f 989/1/213 990/1/213 992/1/213 991/1/213
f 991/1/214 992/1/214 994/1/214 993/1/214
f 988/1/215 986/1/215 996/1/215 994/1/215 992/1/215 990/1/215
f 993/1/6 994/1/6 996/1/6 995/1/6
f 995/1/216 996/1/216 986/1/216 985/1/216
f 985/1/217 987/1/217 989/1/217 991/1/217 993/1/217 995/1/217
f 997/1/218 998/1/218 1000/1/218 999/1/218
f 999/1/9 1000/1/9 1002/1/9 1001/1/9
f 1001/1/219 1002/1/219 1004/1/219 1003/1/219
f 1003/1/220 1004/1/220 1006/1/220 1005/1/220
f 1000/1/221 998/1/221 1008/1/221 1006/1/221 1004/1/221 1002/1/221
f 1005/1/6 1006/1/6 1008/1/6 1007/1/6
f 1007/1/222 1008/1/222 998/1/222 997/1/222
f 997/1/223 999/1/223 1001/1/223 1003/1/223 1005/1/223 1007/1/223
f 1012/1/128 1011/1/128 1015/1/128 1016/1/128
f 1010/1/129 1009/1/129 1014/1/129
f 1013/1/130 1012/1/130 1016/1/130
f 1011/1/131 1010/1/131 1014/1/131 1015/1/131
f 1016/1/134 1015/1/134 1018/1/134 1019/1/134
f 1014/1/135 1009/1/135 1017/1/135
f 1013/1/132 1016/1/132 1019/1/132
f 1015/1/133 1014/1/133 1017/1/133 1018/1/133
f 1019/1/139 1018/1/139 1021/1/139 1022/1/139
f 1017/1/136 1009/1/136 1020/1/136
f 1013/1/137 1019/1/137 1022/1/137
f 1018/1/138 1017/1/138 1020/1/138 1021/1/138
f 1022/1/140 1021/1/140 1024/1/140 1025/1/140
f 1020/1/141 1009/1/141 1023/1/141
f 1013/1/142 1022/1/142 1025/1/142
f 1021/1/143 1020/1/143 1023/1/143 1024/1/143
f 1024/1/147 1023/1/147 1026/1/147 1027/1/147
f 1025/1/144 1024/1/144 1027/1/144 1028/1/144
f 1023/1/145 1009/1/145 1026/1/145
f 1013/1/146 1025/1/146 1028/1/146
f 1013/1/150 1028/1/150 1012/1/150
f 1027/1/151 1026/1/151 1010/1/151 1011/1/151
f 1028/1/148 1027/1/148 1011/1/148 1012/1/148
f 1026/1/149 1009/1/149 1010/1/149
f 1033/1/130 1032/1/130 1036/1/130
f 1031/1/131 1030/1/131 1034/1/131 1035/1/131
f 1032/1/128 1031/1/128 1035/1/128 1036/1/128
f 1030/1/129 1029/1/129 1034/1/129
f 1033/1/132 1036/1/132 1039/1/132
f 1035/1/133 1034/1/133 1037/1/133 1038/1/133
f 1036/1/134 1035/1/134 1038/1/134 1039/1/134
f 1034/1/135 1029/1/135 1037/1/135
f 1033/1/137 1039/1/137 1042/1/137
f 1038/1/138 1037/1/138 1040/1/138 1041/1/138
f 1039/1/139 1038/1/139 1041/1/139 1042/1/139
f 1037/1/136 1029/1/136 1040/1/136
f 1033/1/142 1042/1/142 1045/1/142
f 1041/1/143 1040/1/143 1043/1/143 1044/1/143
f 1042/1/140 1041/1/140 1044/1/140 1045/1/140
f 1040/1/141 1029/1/141 1043/1/141
f 1033/1/146 1045/1/146 1048/1/146
f 1044/1/147 1043/1/147 1046/1/147 1047/1/147
f 1045/1/224 1044/1/224 1047/1/224 1048/1/224
f 1043/1/145 1029/1/145 1046/1/145
f 1046/1/149 1029/1/149 1030/1/149
f 1033/1/150 1048/1/150 1032/1/150
f 1047/1/151 1046/1/151 1030/1/151 1031/1/151
f 1048/1/148 1047/1/148 1031/1/148 1032/1/148
f 1049/1/225 1050/1/225 1052/1/225 1051/1/225
f 1051/1/9 1052/1/9 1054/1/9 1053/1/9
f 1053/1/226 1054/1/226 1056/1/226 1055/1/226
f 1055/1/227 1056/1/227 1058/1/227 1057/1/227
f 1052/1/228 1050/1/228 1060/1/228 1058/1/228 1056/1/228 1054/1/228
f 1057/1/6 1058/1/6 1060/1/6 1059/1/6
f 1059/1/229 1060/1/229 1050/1/229 1049/1/229
f 1049/1/230 1051/1/230 1053/1/230 1055/1/230 1057/1/230 1059/1/230
f 1061/1/231 1062/1/231 1064/1/231 1063/1/231
f 1063/1/9 1064/1/9 1066/1/9 1065/1/9
f 1065/1/232 1066/1/232 1068/1/232 1067/1/232
f 1067/1/233 1068/1/233 1070/1/233 1069/1/233
f 1064/1/234 1062/1/234 1072/1/234 1070/1/234 1068/1/234 1066/1/234
f 1069/1/6 1070/1/6 1072/1/6 1071/1/6
f 1071/1/235 1072/1/235 1062/1/235 1061/1/235
f 1061/1/236 1063/1/236 1065/1/236 1067/1/236 1069/1/236 1071/1/236
f 1073/1/112 1074/1/112 1076/1/112 1075/1/112
f 1075/1/9 1076/1/9 1078/1/9 1077/1/9
f 1077/1/113 1078/1/113 1080/1/113 1079/1/113
f 1079/1/114 1080/1/114 1082/1/114 1081/1/114
f 1076/1/40 1074/1/40 1084/1/40 1082/1/40 1080/1/40 1078/1/40
f 1081/1/6 1082/1/6 1084/1/6 1083/1/6
f 1083/1/115 1084/1/115 1074/1/115 1073/1/115
f 1073/1/38 1075/1/38 1077/1/38 1079/1/38 1081/1/38 1083/1/38
f 1085/1/237 1086/1/237 1088/1/237 1087/1/237
f 1087/1/9 1088/1/9 1090/1/9 1089/1/9
f 1089/1/238 1090/1/238 1092/1/238 1091/1/238
f 1091/1/239 1092/1/239 1094/1/239 1093/1/239
f 1088/1/240 1086/1/240 1096/1/240 1094/1/240 1092/1/240 1090/1/240
f 1093/1/6 1094/1/6 1096/1/6 1095/1/6
f 1095/1/241 1096/1/241 1086/1/241 1085/1/241
f 1085/1/242 1087/1/242 1089/1/242 1091/1/242 1093/1/242 1095/1/242
f 1097/1/243 1098/1/243 1100/1/243 1099/1/243
f 1099/1/9 1100/1/9 1102/1/9 1101/1/9
f 1101/1/244 1102/1/244 1104/1/244 1103/1/244
f 1103/1/245 1104/1/245 1106/1/245 1105/1/245
f 1100/1/246 1098/1/246 1108/1/246 1106/1/246 1104/1/246 1102/1/246
f 1105/1/6 1106/1/6 1108/1/6 1107/1/6
f 1107/1/247 1108/1/247 1098/1/247 1097/1/247
f 1097/1/248 1099/1/248 1101/1/248 1103/1/248 1105/1/248 1107/1/248
f 1112/1/128 1111/1/128 1115/1/128 1116/1/128
f 1110/1/129 1109/1/129 1114/1/129
f 1113/1/130 1112/1/130 1116/1/130
f 1111/1/131 1110/1/131 1114/1/131 1115/1/131
f 1116/1/134 1115/1/134 1118/1/134 1119/1/134
f 1114/1/135 1109/1/135 1117/1/135
f 1113/1/132 1116/1/132 1119/1/132
f 1115/1/133 1114/1/133 1117/1/133 1118/1/133
f 1119/1/139 1118/1/139 1121/1/139 1122/1/139
f 1117/1/136 1109/1/136 1120/1/136
f 1113/1/137 1119/1/137 1122/1/137
f 1118/1/138 1117/1/138 1120/1/138 1121/1/138
f 1122/1/140 1121/1/140 1124/1/140 1125/1/140
f 1120/1/141 1109/1/141 1123/1/141
f 1113/1/142 1122/1/142 1125/1/142
f 1121/1/143 1120/1/143 1123/1/143 1124/1/143
f 1124/1/147 1123/1/147 1126/1/147 1127/1/147
f 1125/1/144 1124/1/144 1127/1/144 1128/1/144
f 1123/1/145 1109/1/145 1126/1/145
f 1113/1/146 1125/1/146 1128/1/146
f 1113/1/150 1128/1/150 1112/1/150
f 1127/1/151 1126/1/151 1110/1/151 1111/1/151
f 1128/1/148 1127/1/148 1111/1/148 1112/1/148
f 1126/1/149 1109/1/149 1110/1/149
f 1133/1/130 1132/1/130 1136/1/130
f 1131/1/131 1130/1/131 1134/1/131 1135/1/131
f 1132/1/128 1131/1/128 1135/1/128 1136/1/128
f 1130/1/129 1129/1/129 1134/1/129
f 1133/1/132 1136/1/132 1139/1/132
f 1135/1/133 1134/1/133 1137/1/133 1138/1/133
f 1136/1/134 1135/1/134 1138/1/134 1139/1/134
f 1134/1/135 1129/1/135 1137/1/135
f 1133/1/137 1139/1/137 1142/1/137
f 1138/1/138 1137/1/138 1140/1/138 1141/1/138
f 1139/1/139 1138/1/139 1141/1/139 1142/1/139
f 1137/1/136 1129/1/136 1140/1/136
f 1133/1/142 1142/1/142 1145/1/142
f 1141/1/143 1140/1/143 1143/1/143 1144/1/143
f 1142/1/140 1141/1/140 1144/1/140 1145/1/140
f 1140/1/141 1129/1/141 1143/1/141
f 1133/1/146 1145/1/146 1148/1/146
f 1144/1/147 1143/1/147 1146/1/147 1147/1/147
f 1145/1/144 1144/1/144 1147/1/144 1148/1/144
f 1143/1/145 1129/1/145 1146/1/145
f 1146/1/149 1129/1/149 1130/1/149
f 1133/1/150 1148/1/150 1132/1/150
f 1147/1/151 1146/1/151 1130/1/151 1131/1/151
f 1148/1/148 1147/1/148 1131/1/148 1132/1/148
f 1149/1/249 1150/1/249 1152/1/249 1151/1/249
f 1151/1/9 1152/1/9 1154/1/9 1153/1/9
f 1153/1/250 1154/1/250 1156/1/250 1155/1/250
f 1155/1/251 1156/1/251 1158/1/251 1157/1/251
f 1152/1/252 1150/1/252 1160/1/252 1158/1/252 1156/1/252 1154/1/252
f 1157/1/6 1158/1/6 1160/1/6 1159/1/6
f 1159/1/253 1160/1/253 1150/1/253 1149/1/253
f 1149/1/254 1151/1/254 1153/1/254 1155/1/254 1157/1/254 1159/1/254
f 1161/1/255 1162/1/255 1164/1/255 1163/1/255
f 1163/1/9 1164/1/9 1166/1/9 1165/1/9
f 1165/1/256 1166/1/256 1168/1/256 1167/1/256
f 1167/1/257 1168/1/257 1170/1/257 1169/1/257
f 1164/1/258 1162/1/258 1172/1/258 1170/1/258 1168/1/258 1166/1/258
f 1169/1/6 1170/1/6 1172/1/6 1171/1/6
f 1171/1/259 1172/1/259 1162/1/259 1161/1/259
f 1161/1/260 1163/1/260 1165/1/260 1167/1/260 1169/1/260 1171/1/260
f 1173/1/112 1174/1/112 1176/1/112 1175/1/112
f 1175/1/9 1176/1/9 1178/1/9 1177/1/9
f 1177/1/113 1178/1/113 1180/1/113 1179/1/113
f 1179/1/114 1180/1/114 1182/1/114 1181/1/114
f 1176/1/40 1174/1/40 1184/1/40 1182/1/40 1180/1/40 1178/1/40
f 1181/1/6 1182/1/6 1184/1/6 1183/1/6
f 1183/1/115 1184/1/115 1174/1/115 1173/1/115
f 1173/1/38 1175/1/38 1177/1/38 1179/1/38 1181/1/38 1183/1/38
f 1185/1/261 1186/1/261 1188/1/261 1187/1/261
f 1187/1/9 1188/1/9 1190/1/9 1189/1/9
f 1189/1/262 1190/1/262 1192/1/262 1191/1/262
f 1191/1/263 1192/1/263 1194/1/263 1193/1/263
f 1188/1/264 1186/1/264 1196/1/264 1194/1/264 1192/1/264 1190/1/264
f 1193/1/6 1194/1/6 1196/1/6 1195/1/6
f 1195/1/265 1196/1/265 1186/1/265 1185/1/265
f 1185/1/266 1187/1/266 1189/1/266 1191/1/266 1193/1/266 1195/1/266
f 1197/1/267 1198/1/267 1200/1/267 1199/1/267
f 1199/1/9 1200/1/9 1202/1/9 1201/1/9
f 1201/1/268 1202/1/268 1204/1/268 1203/1/268
f 1203/1/269 1204/1/269 1206/1/269 1205/1/269
f 1200/1/270 1198/1/270 1208/1/270 1206/1/270 1204/1/270 1202/1/270
f 1205/1/6 1206/1/6 1208/1/6 1207/1/6
f 1207/1/271 1208/1/271 1198/1/271 1197/1/271
f 1197/1/272 1199/1/272 1201/1/272 1203/1/272 1205/1/272 1207/1/272
f 1213/1/130 1212/1/130 1216/1/130
f 1211/1/131 1210/1/131 1214/1/131 1215/1/131
f 1212/1/128 1211/1/128 1215/1/128 1216/1/128
f 1210/1/129 1209/1/129 1214/1/129
f 1213/1/132 1216/1/132 1219/1/132
f 1215/1/133 1214/1/133 1217/1/133 1218/1/133
f 1216/1/134 1215/1/134 1218/1/134 1219/1/134
f 1214/1/135 1209/1/135 1217/1/135
f 1213/1/137 1219/1/137 1222/1/137
f 1218/1/138 1217/1/138 1220/1/138 1221/1/138
f 1219/1/139 1218/1/139 1221/1/139 1222/1/139
f 1217/1/136 1209/1/136 1220/1/136
f 1213/1/142 1222/1/142 1225/1/142
f 1221/1/143 1220/1/143 1223/1/143 1224/1/143
f 1222/1/140 1221/1/140 1224/1/140 1225/1/140
f 1220/1/141 1209/1/141 1223/1/141
f 1213/1/146 1225/1/146 1228/1/146
f 1224/1/147 1223/1/147 1226/1/147 1227/1/147
f 1225/1/144 1224/1/144 1227/1/144 1228/1/144
f 1223/1/145 1209/1/145 1226/1/145
f 1226/1/149 1209/1/149 1210/1/149
f 1213/1/150 1228/1/150 1212/1/150
f 1227/1/151 1226/1/151 1210/1/151 1211/1/151
f 1228/1/148 1227/1/148 1211/1/148 1212/1/148
f 1232/1/128 1231/1/128 1235/1/128 1236/1/128
f 1230/1/129 1229/1/129 1234/1/129
f 1233/1/130 1232/1/130 1236/1/130
f 1231/1/131 1230/1/131 1234/1/131 1235/1/131
f 1234/1/135 1229/1/135 1237/1/135
f 1233/1/132 1236/1/132 1239/1/132
f 1235/1/133 1234/1/133 1237/1/133 1238/1/133
f 1236/1/134 1235/1/134 1238/1/134 1239/1/134
f 1239/1/139 1238/1/139 1241/1/139 1242/1/139
f 1237/1/136 1229/1/136 1240/1/136
f 1233/1/137 1239/1/137 1242/1/137
f 1238/1/138 1237/1/138 1240/1/138 1241/1/138
f 1242/1/140 1241/1/140 1244/1/140 1245/1/140
f 1240/1/141 1229/1/141 1243/1/141
f 1233/1/142 1242/1/142 1245/1/142
f 1241/1/143 1240/1/143 1243/1/143 1244/1/143
f 1245/1/144 1244/1/144 1247/1/144 1248/1/144
f 1243/1/145 1229/1/145 1246/1/145
f 1233/1/146 1245/1/146 1248/1/146
f 1244/1/147 1243/1/147 1246/1/147 1247/1/147
f 1248/1/148 1247/1/148 1231/1/148 1232/1/148
f 1246/1/149 1229/1/149 1230/1/149
f 1233/1/150 1248/1/150 1232/1/150
f 1247/1/151 1246/1/151 1230/1/151 1231/1/151
f 1249/1/273 1250/1/273 1252/1/273 1251/1/273
f 1251/1/9 1252/1/9 1254/1/9 1253/1/9
f 1253/1/274 1254/1/274 1256/1/274 1255/1/274
f 1255/1/275 1256/1/275 1258/1/275 1257/1/275
f 1252/1/276 1250/1/276 1260/1/276 1258/1/276 1256/1/276 1254/1/276
f 1257/1/6 1258/1/6 1260/1/6 1259/1/6
f 1259/1/277 1260/1/277 1250/1/277 1249/1/277
f 1249/1/278 1251/1/278 1253/1/278 1255/1/278 1257/1/278 1259/1/278
f 1261/1/279 1262/1/279 1264/1/279 1263/1/279
f 1263/1/9 1264/1/9 1266/1/9 1265/1/9
f 1265/1/280 1266/1/280 1268/1/280 1267/1/280
f 1267/1/281 1268/1/281 1270/1/281 1269/1/281
f 1264/1/282 1262/1/282 1272/1/282 1270/1/282 1268/1/282 1266/1/282
f 1269/1/6 1270/1/6 1272/1/6 1271/1/6
f 1271/1/283 1272/1/283 1262/1/283 1261/1/283
f 1261/1/284 1263/1/284 1265/1/284 1267/1/284 1269/1/284 1271/1/284
f 1273/1/112 1274/1/112 1276/1/112 1275/1/112
f 1275/1/9 1276/1/9 1278/1/9 1277/1/9
f 1277/1/113 1278/1/113 1280/1/113 1279/1/113
f 1279/1/114 1280/1/114 1282/1/114 1281/1/114
f 1276/1/40 1274/1/40 1284/1/40 1282/1/40 1280/1/40 1278/1/40
f 1281/1/6 1282/1/6 1284/1/6 1283/1/6
f 1283/1/115 1284/1/115 1274/1/115 1273/1/115
f 1273/1/38 1275/1/38 1277/1/38 1279/1/38 1281/1/38 1283/1/38
f 1285/1/285 1286/1/285 1288/1/285 1287/1/285
f 1287/1/9 1288/1/9 1290/1/9 1289/1/9
f 1289/1/286 1290/1/286 1292/1/286 1291/1/286
f 1291/1/287 1292/1/287 1294/1/287 1293/1/287
f 1288/1/288 1286/1/288 1296/1/288 1294/1/288 1292/1/288 1290/1/288
f 1293/1/6 1294/1/6 1296/1/6 1295/1/6
f 1295/1/289 1296/1/289 1286/1/289 1285/1/289
f 1285/1/290 1287/1/290 1289/1/290 1291/1/290 1293/1/290 1295/1/290
f 1297/1/291 1298/1/291 1300/1/291 1299/1/291
f 1299/1/9 1300/1/9 1302/1/9 1301/1/9
f 1301/1/292 1302/1/292 1304/1/292 1303/1/292
f 1303/1/293 1304/1/293 1306/1/293 1305/1/293
f 1300/1/294 1298/1/294 1308/1/294 1306/1/294 1304/1/294 1302/1/294
f 1305/1/6 1306/1/6 1308/1/6 1307/1/6
f 1307/1/295 1308/1/295 1298/1/295 1297/1/295
f 1297/1/296 1299/1/296 1301/1/296 1303/1/296 1305/1/296 1307/1/296
f 1312/1/128 1311/1/128 1315/1/128 1316/1/128
f 1310/1/129 1309/1/129 1314/1/129
f 1313/1/130 1312/1/130 1316/1/130
f 1311/1/131 1310/1/131 1314/1/131 1315/1/131
f 1314/1/135 1309/1/135 1317/1/135
f 1313/1/132 1316/1/132 1319/1/132
f 1315/1/133 1314/1/133 1317/1/133 1318/1/133
f 1316/1/134 1315/1/134 1318/1/134 1319/1/134
f 1319/1/139 1318/1/139 1321/1/139 1322/1/139
f 1317/1/136 1309/1/136 1320/1/136
f 1313/1/137 1319/1/137 1322/1/137
f 1318/1/138 1317/1/138 1320/1/138 1321/1/138
f 1322/1/140 1321/1/140 1324/1/140 1325/1/140
f 1320/1/141 1309/1/141 1323/1/141
f 1313/1/142 1322/1/142 1325/1/142
f 1321/1/143 1320/1/143 1323/1/143 1324/1/143
f 1325/1/144 1324/1/144 1327/1/144 1328/1/144
f 1323/1/145 1309/1/145 1326/1/145
f 1313/1/146 1325/1/146 1328/1/146
f 1324/1/147 1323/1/147 1326/1/147 1327/1/147
f 1328/1/148 1327/1/148 1311/1/148 1312/1/148
f 1326/1/149 1309/1/149 1310/1/149
f 1313/1/150 1328/1/150 1312/1/150
f 1327/1/151 1326/1/151 1310/1/151 1311/1/151
f 1331/1/131 1330/1/131 1334/1/131 1335/1/131
f 1332/1/128 1331/1/128 1335/1/128 1336/1/128
f 1330/1/129 1329/1/129 1334/1/129
f 1333/1/130 1332/1/130 1336/1/130
f 1336/1/134 1335/1/134 1338/1/134 1339/1/134
f 1334/1/135 1329/1/135 1337/1/135
f 1333/1/132 1336/1/132 1339/1/132
f 1335/1/133 1334/1/133 1337/1/133 1338/1/133
f 1339/1/139 1338/1/139 1341/1/139 1342/1/139
f 1337/1/136 1329/1/136 1340/1/136
f 1333/1/137 1339/1/137 1342/1/137
f 1338/1/138 1337/1/138 1340/1/138 1341/1/138
f 1341/1/143 1340/1/143 1343/1/143 1344/1/143
f 1342/1/140 1341/1/140 1344/1/140 1345/1/140
f 1340/1/141 1329/1/141 1343/1/141
f 1333/1/142 1342/1/142 1345/1/142
f 1333/1/146 1345/1/146 1348/1/146
f 1344/1/147 1343/1/147 1346/1/147 1347/1/147
f 1345/1/144 1344/1/144 1347/1/144 1348/1/144
f 1343/1/145 1329/1/145 1346/1/145
f 1333/1/150 1348/1/150 1332/1/150
f 1347/1/151 1346/1/151 1330/1/151 1331/1/151
f 1348/1/148 1347/1/148 1331/1/148 1332/1/148
f 1346/1/149 1329/1/149 1330/1/149
f 1349/1/297 1350/1/297 1352/1/297 1351/1/297
f 1351/1/298 1352/1/298 1354/1/298 1353/1/298
f 1353/1/299 1354/1/299 1356/1/299 1355/1/299
f 1355/1/9 1356/1/9 1358/1/9 1357/1/9
f 1357/1/300 1358/1/300 1360/1/300 1359/1/300
f 1352/1/4 1350/1/4 1362/1/4 1360/1/4 1358/1/4 1356/1/4 1354/1/4
f 1359/1/301 1360/1/301 1362/1/301 1361/1/301
f 1361/1/302 1362/1/302 1350/1/302 1349/1/302
f 1349/1/39 1351/1/39 1353/1/39 1355/1/39 1357/1/39 1359/1/39 1361/1/39
f 1364/1/303 1363/1/303 1367/1/303
f 1365/1/304 1392/1/304 1369/1/304 1370/1/304
f 1391/1/305 1364/1/305 1367/1/305 1368/1/305
f 1366/1/306 1365/1/306 1370/1/306
f 1392/1/297 1391/1/297 1368/1/297 1369/1/297
f 1366/1/307 1370/1/307 1374/1/307
f 1369/1/298 1368/1/298 1372/1/298 1373/1/298
f 1367/1/308 1363/1/308 1371/1/308
f 1370/1/309 1369/1/309 1373/1/309 1374/1/309
f 1368/1/310 1367/1/310 1371/1/310 1372/1/310
f 1366/1/311 1374/1/311 1378/1/311
f 1373/1/299 1372/1/299 1376/1/299 1377/1/299
f 1371/1/312 1363/1/312 1375/1/312
f 1374/1/313 1373/1/313 1377/1/313 1378/1/313
f 1372/1/314 1371/1/314 1375/1/314 1376/1/314
f 1366/1/315 1378/1/315 1382/1/315
f 1377/1/9 1376/1/9 1380/1/9 1381/1/9
f 1375/1/316 1363/1/316 1379/1/316
f 1378/1/317 1377/1/317 1381/1/317 1382/1/317
f 1376/1/318 1375/1/318 1379/1/318 1380/1/318
f 1366/1/319 1382/1/319 1386/1/319
f 1381/1/300 1380/1/300 1384/1/300 1385/1/300
f 1379/1/320 1363/1/320 1383/1/320
f 1382/1/321 1381/1/321 1385/1/321 1386/1/321
f 1380/1/322 1379/1/322 1383/1/322 1384/1/322
f 1366/1/323 1386/1/323 1390/1/323
f 1385/1/301 1384/1/301 1388/1/301 1389/1/301
f 1383/1/324 1363/1/324 1387/1/324
f 1386/1/325 1385/1/325 1389/1/325 1390/1/325
f 1384/1/326 1383/1/326 1387/1/326 1388/1/326
f 1366/1/327 1390/1/327 1365/1/327
f 1389/1/302 1388/1/302 1391/1/302 1392/1/302
f 1387/1/328 1363/1/328 1364/1/328
f 1390/1/329 1389/1/329 1392/1/329 1365/1/329
f 1388/1/330 1387/1/330 1364/1/330 1391/1/330
f 1395/1/304 1422/1/304 1399/1/304 1400/1/304
f 1421/1/305 1394/1/305 1397/1/305 1398/1/305
f 1396/1/306 1395/1/306 1400/1/306
f 1422/1/297 1421/1/297 1398/1/297 1399/1/297
f 1394/1/303 1393/1/303 1397/1/303
f 1397/1/308 1393/1/308 1401/1/308
f 1400/1/309 1399/1/309 1403/1/309 1404/1/309
f 1398/1/310 1397/1/310 1401/1/310 1402/1/310
f 1396/1/307 1400/1/307 1404/1/307
f 1399/1/298 1398/1/298 1402/1/298 1403/1/298
f 1401/1/312 1393/1/312 1405/1/312
f 1404/1/313 1403/1/313 1407/1/313 1408/1/313
f 1402/1/314 1401/1/314 1405/1/314 1406/1/314
f 1396/1/311 1404/1/311 1408/1/311
f 1403/1/299 1402/1/299 1406/1/299 1407/1/299
f 1405/1/316 1393/1/316 1409/1/316
f 1408/1/317 1407/1/317 1411/1/317 1412/1/317
f 1406/1/318 1405/1/318 1409/1/318 1410/1/318
f 1396/1/315 1408/1/315 1412/1/315
f 1407/1/9 1406/1/9 1410/1/9 1411/1/9
f 1409/1/320 1393/1/320 1413/1/320
f 1412/1/321 1411/1/321 1415/1/321 1416/1/321
f 1410/1/322 1409/1/322 1413/1/322 1414/1/322
f 1396/1/319 1412/1/319 1416/1/319
f 1411/1/300 1410/1/300 1414/1/300 1415/1/300
f 1413/1/324 1393/1/324 1417/1/324
f 1416/1/325 1415/1/325 1419/1/325 1420/1/325
f 1414/1/326 1413/1/326 1417/1/326 1418/1/326
f 1396/1/323 1416/1/323 1420/1/323
f 1415/1/301 1414/1/301 1418/1/301 1419/1/301
f 1417/1/328 1393/1/328 1394/1/328
f 1420/1/329 1419/1/329 1422/1/329 1395/1/329
f 1418/1/330 1417/1/330 1394/1/330 1421/1/330
f 1396/1/327 1420/1/327 1395/1/327
f 1419/1/302 1418/1/302 1421/1/302 1422/1/302
f 1423/1/1 1424/1/1 1426/1/1 1425/1/1
f 1425/1/2 1426/1/2 1428/1/2 1427/1/2
f 1427/1/3 1428/1/3 1430/1/3 1429/1/3
f 1429/1/4 1430/1/4 1432/1/4 1431/1/4
f 1431/1/5 1432/1/5 1434/1/5 1433/1/5
f 1426/1/6 1424/1/6 1436/1/6 1434/1/6 1432/1/6 1430/1/6 1428/1/6
f 1433/1/7 1434/1/7 1436/1/7 1435/1/7
f 1435/1/8 1436/1/8 1424/1/8 1423/1/8
f 1423/1/9 1425/1/9 1427/1/9 1429/1/9 1431/1/9 1433/1/9 1435/1/9
f 1466/1/11 1439/1/11 1443/1/11 1444/1/11
f 1438/1/12 1465/1/12 1441/1/12 1442/1/12
f 1440/1/13 1466/1/13 1444/1/13
f 1439/1/1 1438/1/1 1442/1/1 1443/1/1
f 1465/1/10 1437/1/10 1441/1/10
f 1440/1/14 1444/1/14 1448/1/14
f 1443/1/2 1442/1/2 1446/1/2 1447/1/2
f 1441/1/15 1437/1/15 1445/1/15
f 1444/1/16 1443/1/16 1447/1/16 1448/1/16
f 1442/1/17 1441/1/17 1445/1/17 1446/1/17
f 1440/1/18 1448/1/18 1452/1/18
f 1447/1/3 1446/1/3 1450/1/3 1451/1/3
f 1445/1/19 1437/1/19 1449/1/19
f 1448/1/20 1447/1/20 1451/1/20 1452/1/20
f 1446/1/21 1445/1/21 1449/1/21 1450/1/21
f 1440/1/22 1452/1/22 1456/1/22
f 1451/1/4 1450/1/4 1454/1/4 1455/1/4
f 1449/1/23 1437/1/23 1453/1/23
f 1452/1/24 1451/1/24 1455/1/24 1456/1/24
f 1450/1/25 1449/1/25 1453/1/25 1454/1/25
f 1440/1/26 1456/1/26 1460/1/26
f 1455/1/5 1454/1/5 1458/1/5 1459/1/5
f 1453/1/27 1437/1/27 1457/1/27
f 1456/1/28 1455/1/28 1459/1/28 1460/1/28
f 1454/1/29 1453/1/29 1457/1/29 1458/1/29
f 1440/1/30 1460/1/30 1464/1/30
f 1459/1/7 1458/1/7 1462/1/7 1463/1/7
f 1457/1/31 1437/1/31 1461/1/31
f 1460/1/32 1459/1/32 1463/1/32 1464/1/32
f 1458/1/33 1457/1/33 1461/1/33 1462/1/33
f 1440/1/34 1464/1/34 1466/1/34
f 1463/1/8 1462/1/8 1438/1/8 1439/1/8
f 1461/1/35 1437/1/35 1465/1/35
f 1464/1/36 1463/1/36 1439/1/36 1466/1/36
f 1462/1/37 1461/1/37 1465/1/37 1438/1/37
f 1470/1/13 1496/1/13 1474/1/13
f 1469/1/1 1468/1/1 1472/1/1 1473/1/1
f 1495/1/10 1467/1/10 1471/1/10
f 1496/1/11 1469/1/11 1473/1/11 1474/1/11
f 1468/1/12 1495/1/12 1471/1/12 1472/1/12
f 1474/1/16 1473/1/16 1477/1/16 1478/1/16
f 1472/1/17 1471/1/17 1475/1/17 1476/1/17
f 1470/1/14 1474/1/14 1478/1/14
f 1473/1/2 1472/1/2 1476/1/2 1477/1/2
f 1471/1/15 1467/1/15 1475/1/15
f 1478/1/20 1477/1/20 1481/1/20 1482/1/20
f 1476/1/21 1475/1/21 1479/1/21 1480/1/21
f 1470/1/18 1478/1/18 1482/1/18
f 1477/1/3 1476/1/3 1480/1/3 1481/1/3
f 1475/1/19 1467/1/19 1479/1/19
f 1482/1/24 1481/1/24 1485/1/24 1486/1/24
f 1480/1/25 1479/1/25 1483/1/25 1484/1/25
f 1470/1/22 1482/1/22 1486/1/22
f 1481/1/4 1480/1/4 1484/1/4 1485/1/4
f 1479/1/23 1467/1/23 1483/1/23
f 1486/1/28 1485/1/28 1489/1/28 1490/1/28
f 1484/1/29 1483/1/29 1487/1/29 1488/1/29
f 1470/1/26 1486/1/26 1490/1/26
f 1485/1/5 1484/1/5 1488/1/5 1489/1/5
f 1483/1/27 1467/1/27 1487/1/27
f 1490/1/32 1489/1/32 1493/1/32 1494/1/32
f 1488/1/33 1487/1/33 1491/1/33 1492/1/33
f 1470/1/30 1490/1/30 1494/1/30
f 1489/1/7 1488/1/7 1492/1/7 1493/1/7
f 1487/1/31 1467/1/31 1491/1/31
f 1494/1/36 1493/1/36 1469/1/36 1496/1/36
f 1492/1/37 1491/1/37 1495/1/37 1468/1/37
f 1470/1/34 1494/1/34 1496/1/34
f 1493/1/8 1492/1/8 1468/1/8 1469/1/8
f 1491/1/35 1467/1/35 1495/1/35
f 1498/1/331 1497/1/331 1502/1/331
f 1501/1/332 1500/1/332 1506/1/332
f 1538/1/333 1499/1/333 1504/1/333 1505/1/333
f 1537/1/334 1498/1/334 1502/1/334 1503/1/334
f 1500/1/335 1636/1/335 1633/1/335 1506/1/335
f 1499/1/336 1537/1/336 1503/1/336 1504/1/336
f 1501/1/337 1506/1/337 1511/1/337
f 1505/1/338 1504/1/338 1509/1/338 1510/1/338
f 1503/1/339 1502/1/339 1507/1/339 1508/1/339
f 1506/1/340 1633/1/340 1631/1/340 1511/1/340
f 1504/1/341 1503/1/341 1508/1/341 1509/1/341
f 1502/1/342 1497/1/342 1507/1/342
f 1510/1/343 1509/1/343 1514/1/343 1515/1/343
f 1508/1/344 1507/1/344 1512/1/344 1513/1/344
f 1511/1/345 1631/1/345 1632/1/345 1516/1/345
f 1509/1/346 1508/1/346 1513/1/346 1514/1/346
f 1507/1/347 1497/1/347 1512/1/347
f 1501/1/348 1511/1/348 1516/1/348
f 1513/1/349 1512/1/349 1616/1/349 1621/1/349 1622/1/349
f 1516/1/350 1632/1/350 1515/1/350 1629/1/350 1635/1/350 1521/1/350
f 1514/1/351 1513/1/351 1622/1/351 1626/1/351
f 1512/1/352 1497/1/352 1615/1/352 1616/1/352
f 1501/1/353 1516/1/353 1521/1/353
f 1515/1/354 1514/1/354 1626/1/354 1630/1/354 1629/1/354
f 1521/1/355 1635/1/355 1638/1/355 1639/1/355 1526/1/355
f 1519/1/356 1518/1/356 1523/1/356 1524/1/356
f 1517/1/357 1615/1/357 1619/1/357 1620/1/357 1522/1/357
f 1501/1/358 1521/1/358 1526/1/358
f 1520/1/359 1519/1/359 1524/1/359 1525/1/359
f 1518/1/360 1517/1/360 1522/1/360 1523/1/360
f 1526/1/361 1639/1/361 1637/1/361 1644/1/361 1643/1/361 1531/1/361
f 1524/1/362 1523/1/362 1528/1/362 1529/1/362
f 1522/1/363 1620/1/363 1617/1/363 1527/1/363
f 1501/1/364 1526/1/364 1531/1/364
f 1525/1/365 1524/1/365 1529/1/365 1530/1/365
f 1523/1/366 1522/1/366 1527/1/366 1528/1/366
f 1531/1/367 1643/1/367 1641/1/367 1640/1/367 1536/1/367
f 1529/1/368 1528/1/368 1624/1/368 1625/1/368
f 1527/1/369 1617/1/369 1618/1/369
f 1501/1/370 1531/1/370 1536/1/370
f 1530/1/371 1529/1/371 1625/1/371 1627/1/371 1628/1/371
f 1528/1/372 1527/1/372 1618/1/372 1623/1/372 1624/1/372
f 1536/1/373 1640/1/373 1636/1/373 1500/1/373
f 1534/1/374 1533/1/374 1537/1/374 1499/1/374
f 1532/1/375 1497/1/375 1498/1/375
f 1501/1/376 1536/1/376 1500/1/376
f 1535/1/377 1534/1/377 1499/1/377 1538/1/377
f 1533/1/378 1532/1/378 1498/1/378 1537/1/378
f 1602/1/379 1539/1/379 1543/1/379
f 1542/1/380 1606/1/380 1549/1/380
f 1541/1/381 1605/1/381 1547/1/381 1548/1/381
f 1604/1/382 1603/1/382 1545/1/382 1546/1/382
f 1540/1/383 1602/1/383 1543/1/383 1544/1/383
f 1606/1/384 1541/1/384 1548/1/384 1549/1/384
f 1605/1/385 1604/1/385 1546/1/385 1547/1/385
f 1603/1/386 1540/1/386 1544/1/386 1545/1/386
f 1546/1/387 1545/1/387 1552/1/387 1553/1/387
f 1544/1/388 1543/1/388 1550/1/388 1551/1/388
f 1549/1/389 1548/1/389 1555/1/389 1556/1/389
f 1547/1/390 1546/1/390 1553/1/390 1554/1/390
f 1545/1/391 1544/1/391 1551/1/391 1552/1/391
f 1543/1/392 1539/1/392 1550/1/392
f 1542/1/393 1549/1/393 1556/1/393
f 1548/1/394 1547/1/394 1554/1/394 1555/1/394
f 1556/1/395 1555/1/395 1562/1/395 1563/1/395
f 1554/1/396 1553/1/396 1560/1/396 1561/1/396
f 1552/1/397 1551/1/397 1558/1/397 1559/1/397
f 1550/1/398 1539/1/398 1557/1/398
f 1542/1/399 1556/1/399 1563/1/399
f 1555/1/400 1554/1/400 1561/1/400 1562/1/400
f 1553/1/401 1552/1/401 1559/1/401 1560/1/401
f 1551/1/402 1550/1/402 1557/1/402 1558/1/402
f 1559/1/403 1558/1/403 1565/1/403 1648/1/403 1647/1/403 1645/1/403 1646/1/403 1652/1/403
f 1557/1/404 1539/1/404 1564/1/404
f 1542/1/405 1563/1/405 1568/1/405
f 1562/1/406 1561/1/406 1566/1/406 1567/1/406
f 1560/1/407 1559/1/407 1652/1/407 1651/1/407 1656/1/407 1658/1/407
f 1558/1/408 1557/1/408 1564/1/408 1565/1/408
f 1563/1/409 1562/1/409 1567/1/409 1568/1/409
f 1561/1/410 1560/1/410 1658/1/410 1657/1/410 1662/1/410 1666/1/410 1669/1/410 1566/1/410
f 1542/1/411 1568/1/411 1575/1/411
f 1567/1/412 1566/1/412 1573/1/412 1574/1/412
f 1565/1/413 1564/1/413 1569/1/413 1570/1/413
f 1568/1/414 1567/1/414 1574/1/414 1575/1/414
f 1566/1/415 1669/1/415 1670/1/415 1660/1/415 1659/1/415 1572/1/415 1573/1/415
f 1564/1/416 1539/1/416 1569/1/416
f 1570/1/417 1569/1/417 1576/1/417 1577/1/417
f 1575/1/418 1574/1/418 1579/1/418 1580/1/418
f 1573/1/419 1572/1/419 1630/1/419 1629/1/419 1635/1/419 1638/1/419 1578/1/419
f 1571/1/420 1570/1/420 1577/1/420 1619/1/420 1615/1/420 1616/1/420 1621/1/420
f 1569/1/421 1539/1/421 1576/1/421
f 1542/1/422 1575/1/422 1580/1/422
f 1574/1/423 1573/1/423 1578/1/423 1579/1/423
f 1572/1/424 1571/1/424 1621/1/424 1622/1/424 1626/1/424 1630/1/424
f 1580/1/425 1579/1/425 1586/1/425 1587/1/425
f 1578/1/426 1638/1/426 1639/1/426 1642/1/426 1628/1/426 1627/1/426 1584/1/426 1585/1/426
f 1576/1/427 1539/1/427 1581/1/427
f 1542/1/428 1580/1/428 1587/1/428
f 1579/1/429 1578/1/429 1585/1/429 1586/1/429
f 1577/1/430 1576/1/430 1581/1/430 1582/1/430
f 1581/1/431 1539/1/431 1588/1/431
f 1542/1/432 1587/1/432 1594/1/432
f 1586/1/433 1585/1/433 1592/1/433 1593/1/433
f 1584/1/434 1583/1/434 1590/1/434 1591/1/434
f 1582/1/435 1581/1/435 1588/1/435 1589/1/435
f 1587/1/436 1586/1/436 1593/1/436 1594/1/436
f 1585/1/437 1584/1/437 1591/1/437 1592/1/437
f 1583/1/438 1582/1/438 1589/1/438 1590/1/438
f 1593/1/439 1592/1/439 1599/1/439 1600/1/439
f 1591/1/440 1590/1/440 1597/1/440 1598/1/440
f 1589/1/441 1588/1/441 1595/1/441 1596/1/441
f 1594/1/442 1593/1/442 1600/1/442 1601/1/442
f 1592/1/443 1591/1/443 1598/1/443 1599/1/443
f 1590/1/444 1589/1/444 1596/1/444 1597/1/444
f 1588/1/445 1539/1/445 1595/1/445
f 1542/1/446 1594/1/446 1601/1/446
f 1601/1/447 1600/1/447 1541/1/447 1606/1/447
f 1599/1/448 1598/1/448 1604/1/448 1605/1/448
f 1597/1/449 1596/1/449 1540/1/449 1603/1/449
f 1595/1/450 1539/1/450 1602/1/450
f 1542/1/451 1601/1/451 1606/1/451
f 1600/1/452 1599/1/452 1605/1/452 1541/1/452
f 1598/1/453 1597/1/453 1603/1/453 1604/1/453
f 1596/1/454 1595/1/454 1602/1/454 1540/1/454
f 1607/1/38 1608/1/38 1644/1/38 1643/1/38 1641/1/38 1610/1/38 1609/1/38
f 1609/1/39 1610/1/39 1614/1/39 1613/1/39
f 1613/1/40 1614/1/40 1663/1/40 1661/1/40 1664/1/40 1612/1/40 1611/1/40
f 1611/1/4 1612/1/4 1608/1/4 1607/1/4
f 1609/1/9 1613/1/9 1611/1/9 1607/1/9
f 1614/1/6 1610/1/6 1641/1/6 1640/1/6 1636/1/6 1633/1/6 1631/1/6 1632/1/6 1634/1/6 1637/1/6 1644/1/6 1608/1/6 1612/1/6 1664/1/6 1665/1/6 1668/1/6 1674/1/6 1673/1/6 1672/1/6 1671/1/6 1667/1/6 1663/1/6
f 1636/1/373 1640/1/373 1535/1/373 1538/1/373
f 1626/1/351 1622/1/351 1518/1/351 1519/1/351
f 1643/1/361 1644/1/361 1637/1/361 1525/1/361 1530/1/361 1642/1/361
f 1639/1/355 1638/1/355 1635/1/355 1634/1/355 1637/1/355
f 1637/1/355 1634/1/355 1520/1/355 1525/1/355
f 1640/1/367 1641/1/367 1643/1/367 1642/1/367 1628/1/367 1535/1/367
f 1628/1/367 1642/1/367 1530/1/367
f 1628/1/371 1627/1/371 1625/1/371 1534/1/371 1535/1/371
f 1631/1/340 1633/1/340 1505/1/340 1510/1/340
f 1632/1/345 1631/1/345 1510/1/345 1515/1/345
f 1618/1/369 1617/1/369 1497/1/369 1532/1/369
f 1635/1/350 1629/1/350 1520/1/350 1634/1/350
f 1625/1/368 1624/1/368 1533/1/368 1534/1/368
f 1622/1/349 1621/1/349 1616/1/349 1517/1/349 1518/1/349
f 1627/1/455 1625/1/455 1624/1/455 1623/1/455 1583/1/455 1584/1/455
f 1616/1/352 1615/1/352 1517/1/352
f 1617/1/363 1620/1/363 1497/1/363
f 1623/1/456 1618/1/456 1617/1/456 1620/1/456 1619/1/456 1577/1/456 1582/1/456 1583/1/456
f 1624/1/372 1623/1/372 1618/1/372 1532/1/372 1533/1/372
f 1620/1/357 1619/1/357 1615/1/357 1497/1/357
f 1633/1/335 1636/1/335 1538/1/335 1505/1/335
f 1629/1/354 1630/1/354 1626/1/354 1519/1/354 1520/1/354
f 1653/1/457 1650/1/457 1649/1/457 1648/1/457 1565/1/457 1570/1/457 1571/1/457
f 1659/1/458 1655/1/458 1654/1/458 1653/1/458 1571/1/458 1572/1/458
f 1675/1/297 1676/1/297 1678/1/297 1677/1/297
f 1677/1/298 1678/1/298 1680/1/298 1679/1/298
f 1679/1/299 1680/1/299 1682/1/299 1681/1/299
f 1681/1/9 1682/1/9 1684/1/9 1683/1/9
f 1683/1/300 1684/1/300 1686/1/300 1685/1/300
f 1678/1/4 1676/1/4 1688/1/4 1686/1/4 1684/1/4 1682/1/4 1680/1/4
f 1685/1/301 1686/1/301 1688/1/301 1687/1/301
f 1687/1/302 1688/1/302 1676/1/302 1675/1/302
f 1675/1/39 1677/1/39 1679/1/39 1681/1/39 1683/1/39 1685/1/39 1687/1/39
f 1718/1/297 1717/1/297 1694/1/297 1695/1/297
f 1690/1/303 1689/1/303 1693/1/303
f 1691/1/304 1718/1/304 1695/1/304 1696/1/304
f 1717/1/305 1690/1/305 1693/1/305 1694/1/305
f 1692/1/306 1691/1/306 1696/1/306
f 1692/1/307 1696/1/307 1700/1/307
f 1695/1/298 1694/1/298 1698/1/298 1699/1/298
f 1693/1/308 1689/1/308 1697/1/308
f 1696/1/309 1695/1/309 1699/1/309 1700/1/309
f 1694/1/310 1693/1/310 1697/1/310 1698/1/310
f 1692/1/311 1700/1/311 1704/1/311
f 1699/1/299 1698/1/299 1702/1/299 1703/1/299
f 1697/1/312 1689/1/312 1701/1/312
f 1700/1/313 1699/1/313 1703/1/313 1704/1/313
f 1698/1/314 1697/1/314 1701/1/314 1702/1/314
f 1692/1/315 1704/1/315 1708/1/315
f 1703/1/9 1702/1/9 1706/1/9 1707/1/9
f 1701/1/316 1689/1/316 1705/1/316
f 1704/1/317 1703/1/317 1707/1/317 1708/1/317
f 1702/1/318 1701/1/318 1705/1/318 1706/1/318
f 1692/1/319 1708/1/319 1712/1/319
f 1707/1/300 1706/1/300 1710/1/300 1711/1/300
f 1705/1/320 1689/1/320 1709/1/320
f 1708/1/321 1707/1/321 1711/1/321 1712/1/321
f 1706/1/322 1705/1/322 1709/1/322 1710/1/322
f 1692/1/323 1712/1/323 1716/1/323
f 1711/1/301 1710/1/301 1714/1/301 1715/1/301
f 1709/1/324 1689/1/324 1713/1/324
f 1712/1/325 1711/1/325 1715/1/325 1716/1/325
f 1710/1/326 1709/1/326 1713/1/326 1714/1/326
f 1692/1/327 1716/1/327 1691/1/327
f 1715/1/302 1714/1/302 1717/1/302 1718/1/302
f 1713/1/328 1689/1/328 1690/1/328
f 1716/1/329 1715/1/329 1718/1/329 1691/1/329
f 1714/1/330 1713/1/330 1690/1/330 1717/1/330
f 1721/1/304 1748/1/304 1725/1/304 1726/1/304
f 1747/1/305 1720/1/305 1723/1/305 1724/1/305
f 1722/1/306 1721/1/306 1726/1/306
f 1748/1/297 1747/1/297 1724/1/297 1725/1/297
f 1720/1/303 1719/1/303 1723/1/303
f 1725/1/298 1724/1/298 1728/1/298 1729/1/298
f 1723/1/308 1719/1/308 1727/1/308
f 1726/1/309 1725/1/309 1729/1/309 1730/1/309
f 1724/1/310 1723/1/310 1727/1/310 1728/1/310
f 1722/1/307 1726/1/307 1730/1/307
f 1729/1/299 1728/1/299 1732/1/299 1733/1/299
f 1727/1/312 1719/1/312 1731/1/312
f 1730/1/313 1729/1/313 1733/1/313 1734/1/313
f 1728/1/314 1727/1/314 1731/1/314 1732/1/314
f 1722/1/311 1730/1/311 1734/1/311
f 1733/1/9 1732/1/9 1736/1/9 1737/1/9
f 1731/1/316 1719/1/316 1735/1/316
f 1734/1/317 1733/1/317 1737/1/317 1738/1/317
f 1732/1/318 1731/1/318 1735/1/318 1736/1/318
f 1722/1/315 1734/1/315 1738/1/315
f 1737/1/300 1736/1/300 1740/1/300 1741/1/300
f 1735/1/320 1719/1/320 1739/1/320
f 1738/1/321 1737/1/321 1741/1/321 1742/1/321
f 1736/1/322 1735/1/322 1739/1/322 1740/1/322
f 1722/1/319 1738/1/319 1742/1/319
f 1741/1/301 1740/1/301 1744/1/301 1745/1/301
f 1739/1/324 1719/1/324 1743/1/324
f 1742/1/325 1741/1/325 1745/1/325 1746/1/325
f 1740/1/326 1739/1/326 1743/1/326 1744/1/326
f 1722/1/323 1742/1/323 1746/1/323
f 1745/1/302 1744/1/302 1747/1/302 1748/1/302
f 1743/1/328 1719/1/328 1720/1/328
f 1746/1/329 1745/1/329 1748/1/329 1721/1/329
f 1744/1/330 1743/1/330 1720/1/330 1747/1/330
f 1722/1/327 1746/1/327 1721/1/327
f 1749/1/1 1750/1/1 1752/1/1 1751/1/1
f 1751/1/2 1752/1/2 1754/1/2 1753/1/2
f 1753/1/3 1754/1/3 1756/1/3 1755/1/3
f 1755/1/4 1756/1/4 1758/1/4 1757/1/4
f 1757/1/5 1758/1/5 1760/1/5 1759/1/5
f 1752/1/6 1750/1/6 1762/1/6 1760/1/6 1758/1/6 1756/1/6 1754/1/6
f 1759/1/7 1760/1/7 1762/1/7 1761/1/7
f 1761/1/8 1762/1/8 1750/1/8 1749/1/8
f 1749/1/9 1751/1/9 1753/1/9 1755/1/9 1757/1/9 1759/1/9 1761/1/9
f 1791/1/10 1763/1/10 1767/1/10
f 1792/1/11 1765/1/11 1769/1/11 1770/1/11
f 1764/1/12 1791/1/12 1767/1/12 1768/1/12
f 1766/1/13 1792/1/13 1770/1/13
f 1765/1/1 1764/1/1 1768/1/1 1769/1/1
f 1766/1/14 1770/1/14 1774/1/14
f 1769/1/2 1768/1/2 1772/1/2 1773/1/2
f 1767/1/15 1763/1/15 1771/1/15
f 1770/1/16 1769/1/16 1773/1/16 1774/1/16
f 1768/1/17 1767/1/17 1771/1/17 1772/1/17
f 1766/1/18 1774/1/18 1778/1/18
f 1773/1/3 1772/1/3 1776/1/3 1777/1/3
f 1771/1/19 1763/1/19 1775/1/19
f 1774/1/20 1773/1/20 1777/1/20 1778/1/20
f 1772/1/21 1771/1/21 1775/1/21 1776/1/21
f 1766/1/22 1778/1/22 1782/1/22
f 1777/1/4 1776/1/4 1780/1/4 1781/1/4
f 1775/1/23 1763/1/23 1779/1/23
f 1778/1/24 1777/1/24 1781/1/24 1782/1/24
f 1776/1/25 1775/1/25 1779/1/25 1780/1/25
f 1766/1/26 1782/1/26 1786/1/26
f 1781/1/5 1780/1/5 1784/1/5 1785/1/5
f 1779/1/27 1763/1/27 1783/1/27
f 1782/1/28 1781/1/28 1785/1/28 1786/1/28
f 1780/1/29 1779/1/29 1783/1/29 1784/1/29
f 1766/1/30 1786/1/30 1790/1/30
f 1785/1/7 1784/1/7 1788/1/7 1789/1/7
f 1783/1/31 1763/1/31 1787/1/31
f 1786/1/32 1785/1/32 1789/1/32 1790/1/32
f 1784/1/33 1783/1/33 1787/1/33 1788/1/33
f 1766/1/34 1790/1/34 1792/1/34
f 1789/1/8 1788/1/8 1764/1/8 1765/1/8
f 1787/1/35 1763/1/35 1791/1/35
f 1790/1/36 1789/1/36 1765/1/36 1792/1/36
f 1788/1/37 1787/1/37 1791/1/37 1764/1/37
f 1822/1/11 1795/1/11 1799/1/11 1800/1/11
f 1794/1/12 1821/1/12 1797/1/12 1798/1/12
f 1796/1/13 1822/1/13 1800/1/13
f 1795/1/1 1794/1/1 1798/1/1 1799/1/1
f 1821/1/10 1793/1/10 1797/1/10
f 1797/1/15 1793/1/15 1801/1/15
f 1800/1/16 1799/1/16 1803/1/16 1804/1/16
f 1798/1/17 1797/1/17 1801/1/17 1802/1/17
f 1796/1/14 1800/1/14 1804/1/14
f 1799/1/2 1798/1/2 1802/1/2 1803/1/2
f 1801/1/19 1793/1/19 1805/1/19
f 1804/1/20 1803/1/20 1807/1/20 1808/1/20
f 1802/1/21 1801/1/21 1805/1/21 1806/1/21
f 1796/1/18 1804/1/18 1808/1/18
f 1803/1/3 1802/1/3 1806/1/3 1807/1/3
f 1805/1/23 1793/1/23 1809/1/23
f 1808/1/24 1807/1/24 1811/1/24 1812/1/24
f 1806/1/25 1805/1/25 1809/1/25 1810/1/25
f 1796/1/22 1808/1/22 1812/1/22
f 1807/1/4 1806/1/4 1810/1/4 1811/1/4
f 1809/1/27 1793/1/27 1813/1/27
f 1812/1/28 1811/1/28 1815/1/28 1816/1/28
f 1810/1/29 1809/1/29 1813/1/29 1814/1/29
f 1796/1/26 1812/1/26 1816/1/26
f 1811/1/5 1810/1/5 1814/1/5 1815/1/5
f 1813/1/31 1793/1/31 1817/1/31
f 1816/1/32 1815/1/32 1819/1/32 1820/1/32
f 1814/1/33 1813/1/33 1817/1/33 1818/1/33
f 1796/1/30 1816/1/30 1820/1/30
f 1815/1/7 1814/1/7 1818/1/7 1819/1/7
f 1817/1/35 1793/1/35 1821/1/35
f 1820/1/36 1819/1/36 1795/1/36 1822/1/36
f 1818/1/37 1817/1/37 1821/1/37 1794/1/37
f 1796/1/34 1820/1/34 1822/1/34
f 1819/1/8 1818/1/8 1794/1/8 1795/1/8
f 1825/1/336 1863/1/336 1829/1/336 1830/1/336
f 1824/1/331 1823/1/331 1828/1/331
f 1827/1/332 1826/1/332 1832/1/332
f 1864/1/333 1825/1/333 1830/1/333 1831/1/333
f 1863/1/334 1824/1/334 1828/1/334 1829/1/334
f 1826/1/335 1997/1/335 1993/1/335 1832/1/335
f 1827/1/337 1832/1/337 1837/1/337
f 1831/1/338 1830/1/338 1981/1/338 1985/1/338 1986/1/338
f 1829/1/339 1828/1/339 1973/1/339 1980/1/339 1979/1/339
f 1832/1/340 1993/1/340 1992/1/340 1987/1/340 1837/1/340
f 1830/1/341 1829/1/341 1979/1/341 1981/1/341
f 1828/1/342 1823/1/342 1971/1/342 1973/1/342
f 1827/1/348 1837/1/348 1842/1/348
f 1836/1/343 1835/1/343 1840/1/343 1841/1/343
f 1834/1/344 1833/1/344 1838/1/344 1839/1/344
f 1837/1/345 1987/1/345 1988/1/345 1991/1/345 1842/1/345
f 1835/1/346 1834/1/346 1839/1/346 1840/1/346
f 1833/1/347 1971/1/347 1972/1/347 1838/1/347
f 1841/1/354 1840/1/354 1845/1/354 1846/1/354
f 1839/1/349 1838/1/349 1843/1/349 1844/1/349
f 1842/1/350 1991/1/350 1995/1/350 1996/1/350 1847/1/350
f 1840/1/351 1839/1/351 1844/1/351 1845/1/351
f 1838/1/352 1972/1/352 1974/1/352 1975/1/352 1843/1/352
f 1827/1/353 1842/1/353 1847/1/353
f 1844/1/360 1843/1/360 1976/1/360 1978/1/360 1977/1/360
f 1847/1/355 1996/1/355 1994/1/355 1999/1/355 1852/1/355
f 1845/1/356 1844/1/356 1977/1/356 1982/1/356
f 1843/1/357 1975/1/357 1976/1/357
f 1827/1/358 1847/1/358 1852/1/358
f 1846/1/359 1845/1/359 1982/1/359 1983/1/359 1984/1/359
f 1852/1/361 1999/1/361 2000/1/361 1857/1/361
f 1850/1/362 1849/1/362 1854/1/362 1855/1/362
f 1848/1/363 1823/1/363 1853/1/363
f 1827/1/364 1852/1/364 1857/1/364
f 1851/1/365 1850/1/365 1855/1/365 1856/1/365
f 1849/1/366 1848/1/366 1853/1/366 1854/1/366
f 1857/1/367 2000/1/367 1998/1/367 1862/1/367
f 1855/1/368 1854/1/368 1859/1/368 1860/1/368
f 1853/1/459 1823/1/459 1858/1/459
f 1827/1/370 1857/1/370 1862/1/370
f 1856/1/371 1855/1/371 1860/1/371 1861/1/371
f 1854/1/372 1853/1/372 1858/1/372 1859/1/372
f 1862/1/373 1998/1/373 1997/1/373 1826/1/373
f 1860/1/374 1859/1/374 1863/1/374 1825/1/374
f 1858/1/375 1823/1/375 1824/1/375
f 1827/1/376 1862/1/376 1826/1/376
f 1861/1/377 1860/1/377 1825/1/377 1864/1/377
f 1859/1/378 1858/1/378 1824/1/378 1863/1/378
f 1868/1/380 1932/1/380 1875/1/380
f 1867/1/381 1931/1/381 1873/1/381 1874/1/381
f 1930/1/382 1929/1/382 1871/1/382 1872/1/382
f 1866/1/383 1928/1/383 1869/1/383 1870/1/383
f 1932/1/384 1867/1/384 1874/1/384 1875/1/384
f 1931/1/385 1930/1/385 1872/1/385 1873/1/385
f 1929/1/386 1866/1/386 1870/1/386 1871/1/386
f 1928/1/379 1865/1/379 1869/1/379
f 1870/1/388 1869/1/388 1876/1/388 1877/1/388
f 1875/1/389 1874/1/389 1881/1/389 1882/1/389
f 1873/1/390 1872/1/390 1879/1/390 1880/1/390
f 1871/1/391 1870/1/391 1877/1/391 1878/1/391
f 1869/1/392 1865/1/392 1876/1/392
f 1868/1/393 1875/1/393 1882/1/393
f 1874/1/394 1873/1/394 1880/1/394 1881/1/394
f 1872/1/387 1871/1/387 1878/1/387 1879/1/387
f 1882/1/395 1881/1/395 1888/1/395 1889/1/395
f 1880/1/396 1879/1/396 1886/1/396 1887/1/396
f 1878/1/397 1877/1/397 1884/1/397 1885/1/397
f 1876/1/398 1865/1/398 1883/1/398
f 1868/1/399 1882/1/399 1889/1/399
f 1881/1/400 1880/1/400 1887/1/400 1888/1/400
f 1879/1/401 1878/1/401 1885/1/401 1886/1/401
f 1877/1/402 1876/1/402 1883/1/402 1884/1/402
f 1883/1/404 1865/1/404 1890/1/404
f 1868/1/405 1889/1/405 1894/1/405
f 1888/1/406 1887/1/406 1892/1/406 1893/1/406
f 1886/1/407 1885/1/407 1980/1/407 1979/1/407 1981/1/407 1985/1/407
f 1884/1/408 1883/1/408 1890/1/408 1891/1/408
f 1889/1/409 1888/1/409 1893/1/409 1894/1/409
f 1887/1/410 1886/1/410 1985/1/410 1986/1/410 1988/1/410 1991/1/410 1995/1/410 1892/1/410
f 1885/1/403 1884/1/403 1891/1/403 1974/1/403 1972/1/403 1971/1/403 1973/1/403 1980/1/403
f 1893/1/412 1892/1/412 1899/1/412 1900/1/412
f 1891/1/413 1890/1/413 1895/1/413 1896/1/413
f 1894/1/414 1893/1/414 1900/1/414 1901/1/414
f 1892/1/415 1995/1/415 1996/1/415 1984/1/415 1983/1/415 1898/1/415 1899/1/415
f 1890/1/416 1865/1/416 1895/1/416
f 1868/1/411 1894/1/411 1901/1/411
f 1901/1/418 1900/1/418 1905/1/418 1906/1/418
f 1899/1/419 1898/1/419 1954/1/419 1953/1/419 1961/1/419 1970/1/419 1904/1/419
f 1897/1/420 1896/1/420 1903/1/420 1946/1/420 1941/1/420 1942/1/420 1947/1/420
f 1895/1/421 1865/1/421 1902/1/421
f 1868/1/422 1901/1/422 1906/1/422
f 1900/1/423 1899/1/423 1904/1/423 1905/1/423
f 1898/1/424 1897/1/424 1947/1/424 1948/1/424 1952/1/424 1954/1/424
f 1896/1/417 1895/1/417 1902/1/417 1903/1/417
f 1904/1/426 1970/1/426 1969/1/426 1965/1/426 1956/1/426 1955/1/426 1910/1/426 1911/1/426
f 1902/1/427 1865/1/427 1907/1/427
f 1868/1/428 1906/1/428 1913/1/428
f 1905/1/429 1904/1/429 1911/1/429 1912/1/429
f 1903/1/430 1902/1/430 1907/1/430 1908/1/430
f 1906/1/425 1905/1/425 1912/1/425 1913/1/425
f 1868/1/432 1913/1/432 1920/1/432
f 1912/1/433 1911/1/433 1918/1/433 1919/1/433
f 1910/1/434 1909/1/434 1916/1/434 1917/1/434
f 1908/1/435 1907/1/435 1914/1/435 1915/1/435
f 1913/1/436 1912/1/436 1919/1/436 1920/1/436
f 1911/1/437 1910/1/437 1917/1/437 1918/1/437
f 1909/1/438 1908/1/438 1915/1/438 1916/1/438
f 1907/1/431 1865/1/431 1914/1/431
f 1917/1/440 1916/1/440 1923/1/440 1924/1/440
f 1915/1/441 1914/1/441 1921/1/441 1922/1/441
f 1920/1/442 1919/1/442 1926/1/442 1927/1/442
f 1918/1/443 1917/1/443 1924/1/443 1925/1/443
f 1916/1/444 1915/1/444 1922/1/444 1923/1/444
f 1914/1/445 1865/1/445 1921/1/445
f 1868/1/446 1920/1/446 1927/1/446
f 1919/1/439 1918/1/439 1925/1/439 1926/1/439
f 1927/1/447 1926/1/447 1867/1/447 1932/1/447
f 1925/1/448 1924/1/448 1930/1/448 1931/1/448
f 1923/1/449 1922/1/449 1866/1/449 1929/1/449
f 1921/1/450 1865/1/450 1928/1/450
f 1868/1/451 1927/1/451 1932/1/451
f 1926/1/452 1925/1/452 1931/1/452 1867/1/452
f 1924/1/453 1923/1/453 1929/1/453 1930/1/453
f 1922/1/454 1921/1/454 1928/1/454 1866/1/454
f 1933/1/38 1934/1/38 1967/1/38 1966/1/38 1964/1/38 1936/1/38 1935/1/38
f 1935/1/39 1936/1/39 1940/1/39 1939/1/39
f 1939/1/40 1940/1/40 1992/1/40 1987/1/40 1989/1/40 1938/1/40 1937/1/40
f 1937/1/4 1938/1/4 1934/1/4 1933/1/4
f 1935/1/9 1939/1/9 1937/1/9 1933/1/9
f 1940/1/6 1936/1/6 1964/1/6 1962/1/6 1963/1/6 1959/1/6 1957/1/6 1958/1/6 1960/1/6 1968/1/6 1967/1/6 1934/1/6 1938/1/6 1989/1/6 1990/1/6 1994/1/6 1999/1/6 2000/1/6 1998/1/6 1997/1/6 1993/1/6 1992/1/6
f 1949/1/456 1945/1/456 1944/1/456 1943/1/456 1946/1/456 1903/1/456 1908/1/456 1909/1/456
f 1955/1/455 1951/1/455 1950/1/455 1949/1/455 1909/1/455 1910/1/455
f 1993/1/335 1997/1/335 1864/1/335 1831/1/335
f 1986/1/338 1985/1/338 1981/1/338 1835/1/338 1836/1/338
f 1997/1/373 1998/1/373 1861/1/373 1864/1/373
f 1996/1/350 1995/1/350 1991/1/350 1990/1/350 1994/1/350
f 1994/1/350 1990/1/350 1841/1/350 1846/1/350
f 2000/1/361 1999/1/361 1851/1/361 1856/1/361
f 1977/1/360 1978/1/360 1976/1/360 1848/1/360 1849/1/360
f 1979/1/339 1980/1/339 1973/1/339 1833/1/339 1834/1/339
f 1981/1/341 1979/1/341 1834/1/341 1835/1/341
f 1972/1/347 1971/1/347 1823/1/347
f 1998/1/367 2000/1/367 1856/1/367 1861/1/367
f 1999/1/355 1994/1/355 1846/1/355 1984/1/355 1851/1/355
f 1976/1/357 1975/1/357 1823/1/357 1848/1/357
f 1984/1/359 1983/1/359 1982/1/359 1850/1/359 1851/1/359
f 1987/1/340 1992/1/340 1993/1/340 1831/1/340 1986/1/340 1988/1/340
f 1988/1/340 1986/1/340 1836/1/340
f 1983/1/458 1982/1/458 1977/1/458 1978/1/458 1897/1/458 1898/1/458
f 1991/1/345 1988/1/345 1836/1/345 1841/1/345 1990/1/345
f 1975/1/352 1974/1/352 1972/1/352 1823/1/352
f 1973/1/460 1971/1/460 1833/1/460
f 1978/1/457 1976/1/457 1975/1/457 1974/1/457 1891/1/457 1896/1/457 1897/1/457
f 1982/1/356 1977/1/356 1849/1/356 1850/1/356
f 2004/1/336 2003/1/336 2009/1/336 2010/1/336
f 2002/1/331 2001/1/331 2008/1/331
f 2007/1/332 2006/1/332 2012/1/332
f 2005/1/333 2004/1/333 2010/1/333 2011/1/333
f 2003/1/334 2002/1/334 2008/1/334 2009/1/334
f 2006/1/335 2165/1/335 2171/1/335 2012/1/335
f 2007/1/337 2012/1/337 2017/1/337
f 2011/1/338 2010/1/338 2159/1/338 2163/1/338 2164/1/338
f 2009/1/339 2008/1/339 2150/1/339 2158/1/339 2157/1/339
f 2012/1/340 2171/1/340 2169/1/340 2168/1/340 2017/1/340
f 2010/1/341 2009/1/341 2157/1/341 2159/1/341
f 2008/1/342 2001/1/342 2149/1/342 2150/1/342
f 2007/1/348 2017/1/348 2022/1/348
f 2016/1/343 2015/1/343 2020/1/343 2021/1/343
f 2014/1/344 2013/1/344 2018/1/344 2019/1/344
f 2017/1/345 2168/1/345 2170/1/345 2174/1/345 2022/1/345
f 2015/1/346 2014/1/346 2019/1/346 2020/1/346
f 2013/1/347 2149/1/347 2151/1/347 2018/1/347
f 2021/1/354 2020/1/354 2025/1/354 2026/1/354
f 2019/1/349 2018/1/349 2023/1/349 2024/1/349
f 2022/1/350 2174/1/350 2176/1/350 2177/1/350 2027/1/350
f 2020/1/351 2019/1/351 2024/1/351 2025/1/351
f 2018/1/352 2151/1/352 2152/1/352 2153/1/352 2023/1/352
f 2007/1/353 2022/1/353 2027/1/353
f 2024/1/360 2023/1/360 2154/1/360 2156/1/360 2155/1/360
f 2027/1/355 2177/1/355 2175/1/355 2178/1/355 2032/1/355
f 2025/1/356 2024/1/356 2155/1/356 2160/1/356
f 2023/1/461 2153/1/461 2154/1/461
f 2007/1/358 2027/1/358 2032/1/358
f 2026/1/359 2025/1/359 2160/1/359 2161/1/359 2162/1/359
f 2032/1/361 2178/1/361 2166/1/361 2037/1/361
f 2030/1/362 2029/1/362 2034/1/362 2035/1/362
f 2028/1/363 2001/1/363 2033/1/363
f 2007/1/364 2032/1/364 2037/1/364
f 2031/1/365 2030/1/365 2035/1/365 2036/1/365
f 2029/1/366 2028/1/366 2033/1/366 2034/1/366
f 2037/1/367 2166/1/367 2167/1/367 2042/1/367
f 2035/1/368 2034/1/368 2039/1/368 2040/1/368
f 2033/1/369 2001/1/369 2038/1/369
f 2007/1/370 2037/1/370 2042/1/370
f 2036/1/371 2035/1/371 2040/1/371 2041/1/371
f 2034/1/372 2033/1/372 2038/1/372 2039/1/372
f 2042/1/373 2167/1/373 2165/1/373 2006/1/373
f 2040/1/374 2039/1/374 2003/1/374 2004/1/374
f 2038/1/375 2001/1/375 2002/1/375
f 2007/1/376 2042/1/376 2006/1/376
f 2041/1/377 2040/1/377 2004/1/377 2005/1/377
f 2039/1/378 2038/1/378 2002/1/378 2003/1/378
f 2110/1/384 2109/1/384 2050/1/384 2051/1/384
f 2108/1/385 2107/1/385 2048/1/385 2049/1/385
f 2106/1/386 2105/1/386 2046/1/386 2047/1/386
f 2104/1/379 2043/1/379 2045/1/379
f 2044/1/380 2110/1/380 2051/1/380
f 2109/1/381 2108/1/381 2049/1/381 2050/1/381
f 2107/1/382 2106/1/382 2047/1/382 2048/1/382
f 2105/1/383 2104/1/383 2045/1/383 2046/1/383
f 2045/1/392 2043/1/392 2052/1/392
f 2044/1/393 2051/1/393 2058/1/393
f 2050/1/394 2049/1/394 2056/1/394 2057/1/394
f 2048/1/387 2047/1/387 2054/1/387 2055/1/387
f 2046/1/388 2045/1/388 2052/1/388 2053/1/388
f 2051/1/389 2050/1/389 2057/1/389 2058/1/389
f 2049/1/390 2048/1/390 2055/1/390 2056/1/390
f 2047/1/391 2046/1/391 2053/1/391 2054/1/391
f 2057/1/400 2056/1/400 2063/1/400 2064/1/400
f 2055/1/401 2054/1/401 2061/1/401 2062/1/401
f 2053/1/402 2052/1/402 2059/1/402 2060/1/402
f 2058/1/395 2057/1/395 2064/1/395 2065/1/395
f 2056/1/396 2055/1/396 2062/1/396 2063/1/396
f 2054/1/397 2053/1/397 2060/1/397 2061/1/397
f 2052/1/398 2043/1/398 2059/1/398
f 2044/1/399 2058/1/399 2065/1/399
f 2065/1/409 2064/1/409 2069/1/409 2070/1/409
f 2063/1/410 2062/1/410 2163/1/410 2164/1/410 2170/1/410 2174/1/410 2176/1/410 2068/1/410
f 2061/1/403 2060/1/403 2067/1/403 2152/1/403 2151/1/403 2149/1/403 2150/1/403 2158/1/403
f 2059/1/404 2043/1/404 2066/1/404
f 2044/1/405 2065/1/405 2070/1/405
f 2064/1/406 2063/1/406 2068/1/406 2069/1/406
f 2062/1/407 2061/1/407 2158/1/407 2157/1/407 2159/1/407 2163/1/407
f 2060/1/408 2059/1/408 2066/1/408 2067/1/408
f 2068/1/415 2176/1/415 2177/1/415 2162/1/415 2161/1/415 2074/1/415 2075/1/415
f 2066/1/416 2043/1/416 2071/1/416
f 2044/1/411 2070/1/411 2077/1/411
f 2069/1/412 2068/1/412 2075/1/412 2076/1/412
f 2067/1/413 2066/1/413 2071/1/413 2072/1/413
f 2070/1/414 2069/1/414 2076/1/414 2077/1/414
f 2044/1/422 2077/1/422 2082/1/422
f 2076/1/423 2075/1/423 2080/1/423 2081/1/423
f 2074/1/424 2073/1/424 2125/1/424 2126/1/424 2130/1/424 2132/1/424
f 2072/1/417 2071/1/417 2078/1/417 2079/1/417
f 2077/1/418 2076/1/418 2081/1/418 2082/1/418
f 2075/1/419 2074/1/419 2132/1/419 2131/1/419 2145/1/419 2148/1/419 2080/1/419
f 2073/1/420 2072/1/420 2079/1/420 2124/1/420 2119/1/420 2120/1/420 2125/1/420
f 2071/1/421 2043/1/421 2078/1/421
f 2079/1/430 2078/1/430 2083/1/430 2084/1/430
f 2082/1/425 2081/1/425 2088/1/425 2089/1/425
f 2080/1/426 2148/1/426 2147/1/426 2140/1/426 2134/1/426 2133/1/426 2086/1/426 2087/1/426
f 2078/1/427 2043/1/427 2083/1/427
f 2044/1/428 2082/1/428 2089/1/428
f 2081/1/429 2080/1/429 2087/1/429 2088/1/429
f 2089/1/436 2088/1/436 2095/1/436 2096/1/436
f 2087/1/437 2086/1/437 2093/1/437 2094/1/437
f 2085/1/438 2084/1/438 2091/1/438 2092/1/438
f 2083/1/431 2043/1/431 2090/1/431
f 2044/1/432 2089/1/432 2096/1/432
f 2088/1/433 2087/1/433 2094/1/433 2095/1/433
f 2086/1/434 2085/1/434 2092/1/434 2093/1/434
f 2084/1/435 2083/1/435 2090/1/435 2091/1/435
f 2092/1/444 2091/1/444 2098/1/444 2099/1/444
f 2090/1/445 2043/1/445 2097/1/445
f 2044/1/446 2096/1/446 2103/1/446
f 2095/1/439 2094/1/439 2101/1/439 2102/1/439
f 2093/1/440 2092/1/440 2099/1/440 2100/1/440
f 2091/1/441 2090/1/441 2097/1/441 2098/1/441
f 2096/1/442 2095/1/442 2102/1/442 2103/1/442
f 2094/1/443 2093/1/443 2100/1/443 2101/1/443
f 2044/1/451 2103/1/451 2110/1/451
f 2102/1/452 2101/1/452 2108/1/452 2109/1/452
f 2100/1/453 2099/1/453 2106/1/453 2107/1/453
f 2098/1/454 2097/1/454 2104/1/454 2105/1/454
f 2103/1/447 2102/1/447 2109/1/447 2110/1/447
f 2101/1/448 2100/1/448 2107/1/448 2108/1/448
f 2099/1/449 2098/1/449 2105/1/449 2106/1/449
f 2097/1/450 2043/1/450 2104/1/450
f 2111/1/38 2112/1/38 2143/1/38 2141/1/38 2139/1/38 2114/1/38 2113/1/38
f 2113/1/39 2114/1/39 2118/1/39 2117/1/39
f 2117/1/40 2118/1/40 2169/1/40 2168/1/40 2172/1/40 2116/1/40 2115/1/40
f 2115/1/4 2116/1/4 2112/1/4 2111/1/4
f 2113/1/9 2117/1/9 2115/1/9 2111/1/9
f 2118/1/6 2114/1/6 2139/1/6 2138/1/6 2135/1/6 2137/1/6 2136/1/6 2142/1/6 2144/1/6 2146/1/6 2143/1/6 2112/1/6 2116/1/6 2172/1/6 2173/1/6 2175/1/6 2178/1/6 2166/1/6 2167/1/6 2165/1/6 2171/1/6 2169/1/6
f 2133/1/455 2129/1/455 2128/1/455 2127/1/455 2085/1/455 2086/1/455
f 2127/1/456 2123/1/456 2122/1/456 2121/1/456 2124/1/456 2079/1/456 2084/1/456 2085/1/456
f 2171/1/335 2165/1/335 2005/1/335 2011/1/335
f 2164/1/338 2163/1/338 2159/1/338 2015/1/338 2016/1/338
f 2165/1/373 2167/1/373 2041/1/373 2005/1/373
f 2177/1/350 2176/1/350 2174/1/350 2173/1/350 2175/1/350
f 2175/1/350 2173/1/350 2021/1/350 2026/1/350
f 2166/1/361 2178/1/361 2031/1/361 2036/1/361
f 2155/1/360 2156/1/360 2154/1/360 2028/1/360 2029/1/360
f 2157/1/339 2158/1/339 2150/1/339 2013/1/339 2014/1/339
f 2159/1/341 2157/1/341 2014/1/341 2015/1/341
f 2151/1/347 2149/1/347 2001/1/347
f 2167/1/367 2166/1/367 2036/1/367 2041/1/367
f 2178/1/355 2175/1/355 2026/1/355 2162/1/355 2031/1/355
f 2154/1/357 2153/1/357 2001/1/357 2028/1/357
f 2162/1/359 2161/1/359 2160/1/359 2030/1/359 2031/1/359
f 2168/1/340 2169/1/340 2171/1/340 2011/1/340 2164/1/340 2170/1/340
f 2170/1/340 2164/1/340 2016/1/340
f 2156/1/457 2154/1/457 2153/1/457 2152/1/457 2067/1/457 2072/1/457 2073/1/457
f 2174/1/345 2170/1/345 2016/1/345 2021/1/345 2173/1/345
f 2153/1/352 2152/1/352 2151/1/352 2001/1/352
f 2150/1/342 2149/1/342 2013/1/342
f 2161/1/458 2160/1/458 2155/1/458 2156/1/458 2073/1/458 2074/1/458
f 2160/1/356 2155/1/356 2029/1/356 2030/1/356
usemtl stone
f 2179/2/38 2180/2/38 2182/2/38 2181/2/38
f 2181/2/39 2182/2/39 2186/2/39 2185/2/39
f 2185/2/40 2186/2/40 2184/2/40 2183/2/40
f 2183/2/4 2184/2/4 2180/2/4 2179/2/4
f 2181/2/9 2185/2/9 2183/2/9 2179/2/9
f 2186/2/6 2182/2/6 2180/2/6 2184/2/6
f 2187/2/38 2188/2/38 2190/2/38 2189/2/38
f 2189/2/39 2190/2/39 2194/2/39 2193/2/39
f 2193/2/40 2194/2/40 2192/2/40 2191/2/40
f 2191/2/4 2192/2/4 2188/2/4 2187/2/4
f 2189/2/9 2193/2/9 2191/2/9 2187/2/9
f 2194/2/6 2190/2/6 2188/2/6 2192/2/6
usemtl gold
f 2195/3/38 2196/3/38 2198/3/38 2197/3/38
f 2197/3/39 2198/3/39 2202/3/39 2201/3/39
f 2201/3/40 2202/3/40 2200/3/40 2199/3/40
f 2199/3/4 2200/3/4 2196/3/4 2195/3/4
f 2197/3/9 2201/3/9 2199/3/9 2195/3/9
f 2202/3/6 2198/3/6 2196/3/6 2200/3/6
f 2203/3/38 2204/3/38 2206/3/38 2205/3/38
f 2205/3/39 2206/3/39 2210/3/39 2209/3/39
f 2209/3/40 2210/3/40 2208/3/40 2207/3/40
f 2207/3/4 2208/3/4 2204/3/4 2203/3/4
f 2205/3/9 2209/3/9 2207/3/9 2203/3/9
f 2210/3/6 2206/3/6 2204/3/6 2208/3/6
f 475/3/462 2271/3/462 2219/3/462
f 2213/3/463 2270/3/463 2217/3/463 2218/3/463
f 2269/3/464 2212/3/464 2215/3/464 2216/3/464
f 2268/3/465 2211/3/465 2214/3/465
f 2271/3/466 2213/3/466 2218/3/466 2219/3/466
f 2270/3/467 2269/3/467 2216/3/467 2217/3/467
f 2212/3/468 2268/3/468 2214/3/468 2215/3/468
f 475/3/469 2219/3/469 2225/3/469
f 2218/3/470 2217/3/470 2223/3/470 2224/3/470
f 2216/3/471 2215/3/471 2221/3/471 2222/3/471
f 2214/3/472 2211/3/472 2220/3/472
f 2219/3/473 2218/3/473 2224/3/473 2225/3/473
f 2217/3/474 2216/3/474 2222/3/474 2223/3/474
f 2215/3/475 2214/3/475 2220/3/475 2221/3/475
f 475/3/476 2225/3/476 2231/3/476
f 2224/3/477 2223/3/477 2229/3/477 2230/3/477
f 2222/3/478 2221/3/478 2227/3/478 2228/3/478
f 2220/3/479 2211/3/479 2226/3/479
f 2225/3/480 2224/3/480 2230/3/480 2231/3/480
f 2223/3/40 2222/3/40 2228/3/40 2229/3/40
f 2221/3/481 2220/3/481 2226/3/481 2227/3/481
f 2228/3/482 2227/3/482 2233/3/482 2234/3/482
f 2226/3/483 2211/3/483 2232/3/483
f 2231/3/484 2230/3/484 2236/3/484 2237/3/484
f 2229/3/485 2228/3/485 2234/3/485 2235/3/485
f 2227/3/486 2226/3/486 2232/3/486 2233/3/486
f 475/3/487 2231/3/487 2237/3/487
f 2230/3/488 2229/3/488 2235/3/488 2236/3/488
f 2237/3/489 2236/3/489 2242/3/489 2243/3/489
f 2235/3/490 2234/3/490 2240/3/490 2241/3/490
f 2233/3/491 2232/3/491 2238/3/491 2239/3/491
f 475/3/492 2237/3/492 2243/3/492
f 2236/3/493 2235/3/493 2241/3/493 2242/3/493
f 2234/3/494 2233/3/494 2239/3/494 2240/3/494
f 2232/3/495 2211/3/495 2238/3/495
f 2243/3/496 2242/3/496 2248/3/496 2249/3/496
f 2241/3/497 2240/3/497 2246/3/497 2247/3/497
f 2239/3/498 2238/3/498 2244/3/498 2245/3/498
f 475/3/499 2243/3/499 2249/3/499
f 2242/3/500 2241/3/500 2247/3/500 2248/3/500
f 2240/3/501 2239/3/501 2245/3/501 2246/3/501
f 2238/3/502 2211/3/502 2244/3/502
f 2245/3/503 2244/3/503 2250/3/503 2251/3/503
f 475/3/504 2249/3/504 2255/3/504
f 2248/3/505 2247/3/505 2253/3/505 2254/3/505
f 2246/3/506 2245/3/506 2251/3/506 2252/3/506
f 2244/3/507 2211/3/507 2250/3/507
f 2249/3/508 2248/3/508 2254/3/508 2255/3/508
f 2247/3/509 2246/3/509 2252/3/509 2253/3/509
f 475/3/510 2255/3/510 2261/3/510
f 2254/3/511 2253/3/511 2259/3/511 2260/3/511
f 2252/3/512 2251/3/512 2257/3/512 2258/3/512
f 2250/3/513 2211/3/513 2256/3/513
f 2255/3/514 2254/3/514 2260/3/514 2261/3/514
f 2253/3/38 2252/3/38 2258/3/38 2259/3/38
f 2251/3/515 2250/3/515 2256/3/515 2257/3/515
f 2260/3/516 2259/3/516 2265/3/516 2266/3/516
f 2258/3/517 2257/3/517 2263/3/517 2264/3/517
f 2256/3/518 2211/3/518 2262/3/518
f 2261/3/519 2260/3/519 2266/3/519 2267/3/519
f 2259/3/520 2258/3/520 2264/3/520 2265/3/520
f 2257/3/521 2256/3/521 2262/3/521 2263/3/521
f 475/3/522 2261/3/522 2267/3/522
f 2262/3/523 2211/3/523 2268/3/523
f 2267/3/524 2266/3/524 2213/3/524 2271/3/524
f 2265/3/525 2264/3/525 2269/3/525 2270/3/525
f 2263/3/526 2262/3/526 2268/3/526 2212/3/526
f 475/3/527 2267/3/527 2271/3/527
f 2266/3/528 2265/3/528 2270/3/528 2213/3/528
f 2264/3/529 2263/3/529 2212/3/529 2269/3/529
f 2272/3/530 2278/3/530 2273/3/530
f 2273/3/531 2278/3/531 2274/3/531
f 2274/3/532 2278/3/532 2275/3/532
f 2275/3/533 2278/3/533 2276/3/533
f 2272/3/9 2273/3/9 2274/3/9 2275/3/9 2276/3/9 2277/3/9
f 2276/3/534 2278/3/534 2277/3/534
f 2277/3/535 2278/3/535 2272/3/535
f 2281/3/463 2338/3/463 2285/3/463 2286/3/463
f 2337/3/464 2280/3/464 2283/3/464 2284/3/464
f 2336/3/465 2279/3/465 2282/3/465
f 2339/3/466 2281/3/466 2286/3/466 2287/3/466
f 2338/3/467 2337/3/467 2284/3/467 2285/3/467
f 2280/3/468 2336/3/468 2282/3/468 2283/3/468
f 549/3/462 2339/3/462 2287/3/462
f 549/3/469 2287/3/469 2293/3/469
f 2286/3/470 2285/3/470 2291/3/470 2292/3/470
f 2284/3/471 2283/3/471 2289/3/471 2290/3/471
f 2282/3/472 2279/3/472 2288/3/472
f 2287/3/473 2286/3/473 2292/3/473 2293/3/473
f 2285/3/474 2284/3/474 2290/3/474 2291/3/474
f 2283/3/475 2282/3/475 2288/3/475 2289/3/475
f 2292/3/477 2291/3/477 2297/3/477 2298/3/477
f 2290/3/478 2289/3/478 2295/3/478 2296/3/478
f 2288/3/479 2279/3/479 2294/3/479
f 2293/3/480 2292/3/480 2298/3/480 2299/3/480
f 2291/3/40 2290/3/40 2296/3/40 2297/3/40
f 2289/3/481 2288/3/481 2294/3/481 2295/3/481
f 549/3/476 2293/3/476 2299/3/476
f 2294/3/483 2279/3/483 2300/3/483
f 2299/3/484 2298/3/484 2304/3/484 2305/3/484
f 2297/3/485 2296/3/485 2302/3/485 2303/3/485
f 2295/3/486 2294/3/486 2300/3/486 2301/3/486
f 549/3/487 2299/3/487 2305/3/487
f 2298/3/488 2297/3/488 2303/3/488 2304/3/488
f 2296/3/482 2295/3/482 2301/3/482 2302/3/482
f 2305/3/489 2304/3/489 2310/3/489 2311/3/489
f 2303/3/490 2302/3/490 2308/3/490 2309/3/490
f 2301/3/491 2300/3/491 2306/3/491 2307/3/491
f 549/3/492 2305/3/492 2311/3/492
f 2304/3/493 2303/3/493 2309/3/493 2310/3/493
f 2302/3/494 2301/3/494 2307/3/494 2308/3/494
f 2300/3/495 2279/3/495 2306/3/495
f 2309/3/497 2308/3/497 2314/3/497 2315/3/497
f 2307/3/498 2306/3/498 2312/3/498 2313/3/498
f 549/3/499 2311/3/499 2317/3/499
f 2310/3/500 2309/3/500 2315/3/500 2316/3/500
f 2308/3/501 2307/3/501 2313/3/501 2314/3/501
f 2306/3/502 2279/3/502 2312/3/502
f 2311/3/496 2310/3/496 2316/3/496 2317/3/496
f 549/3/504 2317/3/504 2323/3/504
f 2316/3/505 2315/3/505 2321/3/505 2322/3/505
f 2314/3/506 2313/3/506 2319/3/506 2320/3/506
f 2312/3/507 2279/3/507 2318/3/507
f 2317/3/508 2316/3/508 2322/3/508 2323/3/508
f 2315/3/509 2314/3/509 2320/3/509 2321/3/509
f 2313/3/503 2312/3/503 2318/3/503 2319/3/503
f 549/3/510 2323/3/510 2329/3/510
f 2322/3/511 2321/3/511 2327/3/511 2328/3/511
f 2320/3/512 2319/3/512 2325/3/512 2326/3/512
f 2318/3/513 2279/3/513 2324/3/513
f 2323/3/514 2322/3/514 2328/3/514 2329/3/514
f 2321/3/38 2320/3/38 2326/3/38 2327/3/38
f 2319/3/515 2318/3/515 2324/3/515 2325/3/515
f 2326/3/517 2325/3/517 2331/3/517 2332/3/517
f 2324/3/518 2279/3/518 2330/3/518
f 2329/3/519 2328/3/519 2334/3/519 2335/3/519
f 2327/3/520 2326/3/520 2332/3/520 2333/3/520
f 2325/3/521 2324/3/521 2330/3/521 2331/3/521
f 549/3/522 2329/3/522 2335/3/522
f 2328/3/516 2327/3/516 2333/3/516 2334/3/516
f 2335/3/524 2334/3/524 2281/3/524 2339/3/524
f 2333/3/525 2332/3/525 2337/3/525 2338/3/525
f 2331/3/526 2330/3/526 2336/3/526 2280/3/526
f 549/3/527 2335/3/527 2339/3/527
f 2334/3/528 2333/3/528 2338/3/528 2281/3/528
f 2332/3/529 2331/3/529 2280/3/529 2337/3/529
f 2330/3/523 2279/3/523 2336/3/523
f 2340/3/530 2346/3/530 2341/3/530
f 2341/3/531 2346/3/531 2342/3/531
f 2342/3/532 2346/3/532 2343/3/532
f 2343/3/533 2346/3/533 2344/3/533
f 2340/3/9 2341/3/9 2342/3/9 2343/3/9 2344/3/9 2345/3/9
f 2344/3/534 2346/3/534 2345/3/534
f 2345/3/535 2346/3/535 2340/3/535
f 2347/3/536 615/3/536 2348/3/536
f 2348/3/537 615/3/537 2349/3/537
f 2349/3/538 615/3/538 2350/3/538
f 2350/3/539 615/3/539 2351/3/539
f 2347/3/9 2348/3/9 2349/3/9 2350/3/9 2351/3/9 2352/3/9
f 2351/3/540 615/3/540 2352/3/540
f 2352/3/541 615/3/541 2347/3/541
f 2353/3/542 2359/3/542 2354/3/542
f 2354/3/543 2359/3/543 2355/3/543
f 2355/3/544 2359/3/544 2356/3/544
f 2356/3/545 2359/3/545 2357/3/545
f 2353/3/9 2354/3/9 2355/3/9 2356/3/9 2357/3/9 2358/3/9
f 2357/3/546 2359/3/546 2358/3/546
f 2358/3/547 2359/3/547 2353/3/547
f 2360/3/548 628/3/548 2361/3/548
f 2361/3/549 628/3/549 2362/3/549
f 2362/3/550 628/3/550 2363/3/550
f 2363/3/551 628/3/551 2364/3/551
f 2360/3/9 2361/3/9 2362/3/9 2363/3/9 2364/3/9 2365/3/9
f 2364/3/552 628/3/552 2365/3/552
f 2365/3/553 628/3/553 2360/3/553
f 2366/3/548 635/3/548 2367/3/548
f 2367/3/549 635/3/549 2368/3/549
f 2368/3/550 635/3/550 2369/3/550
f 2369/3/551 635/3/551 2370/3/551
f 2366/3/9 2367/3/9 2368/3/9 2369/3/9 2370/3/9 2371/3/9
f 2370/3/552 635/3/552 2371/3/552
f 2371/3/553 635/3/553 2366/3/553
f 2372/3/542 2378/3/542 2373/3/542
f 2373/3/543 2378/3/543 2374/3/543
f 2374/3/544 2378/3/544 2375/3/544
f 2375/3/545 2378/3/545 2376/3/545
f 2372/3/9 2373/3/9 2374/3/9 2375/3/9 2376/3/9 2377/3/9
f 2376/3/546 2378/3/546 2377/3/546
f 2377/3/547 2378/3/547 2372/3/547
f 2379/3/536 648/3/536 2380/3/536
f 2380/3/537 648/3/537 2381/3/537
f 2381/3/538 648/3/538 2382/3/538
f 2382/3/539 648/3/539 2383/3/539
f 2379/3/9 2380/3/9 2381/3/9 2382/3/9 2383/3/9 2384/3/9
f 2383/3/540 648/3/540 2384/3/540
f 2384/3/541 648/3/541 2379/3/541
f 2385/3/554 2391/3/554 2386/3/554
f 2386/3/555 2391/3/555 2387/3/555
f 2387/3/556 2391/3/556 2388/3/556
f 2388/3/557 2391/3/557 2389/3/557
f 2385/3/9 2386/3/9 2387/3/9 2388/3/9 2389/3/9 2390/3/9
f 2389/3/558 2391/3/558 2390/3/558
f 2390/3/559 2391/3/559 2385/3/559
f 2392/3/554 2398/3/554 2393/3/554
f 2393/3/555 2398/3/555 2394/3/555
f 2394/3/556 2398/3/556 2395/3/556
f 2395/3/557 2398/3/557 2396/3/557
f 2392/3/9 2393/3/9 2394/3/9 2395/3/9 2396/3/9 2397/3/9
f 2396/3/558 2398/3/558 2397/3/558
f 2397/3/559 2398/3/559 2392/3/559
f 2399/3/554 2405/3/554 2400/3/554
f 2400/3/555 2405/3/555 2401/3/555
f 2401/3/556 2405/3/556 2402/3/556
f 2402/3/557 2405/3/557 2403/3/557
f 2399/3/9 2400/3/9 2401/3/9 2402/3/9 2403/3/9 2404/3/9
f 2403/3/558 2405/3/558 2404/3/558
f 2404/3/559 2405/3/559 2399/3/559
f 2406/3/560 2407/3/560 2409/3/560 2408/3/560
f 2408/3/561 2409/3/561 2411/3/561 2410/3/561
f 2410/3/562 2411/3/562 2413/3/562 2412/3/562
f 2412/3/563 2413/3/563 2415/3/563 2414/3/563
f 2414/3/564 2415/3/564 2417/3/564 2416/3/564
f 2416/3/565 2417/3/565 2419/3/565 2418/3/565
f 2409/3/4 2407/3/4 2421/3/4 2419/3/4 2417/3/4 2415/3/4 2413/3/4 2411/3/4
f 2418/3/566 2419/3/566 2421/3/566 2420/3/566
f 2420/3/567 2421/3/567 2407/3/567 2406/3/567
f 2406/3/39 2408/3/39 2410/3/39 2412/3/39 2414/3/39 2416/3/39 2418/3/39 2420/3/39
f 2422/3/554 2428/3/554 2423/3/554
f 2423/3/555 2428/3/555 2424/3/555
f 2424/3/556 2428/3/556 2425/3/556
f 2425/3/557 2428/3/557 2426/3/557
f 2422/3/9 2423/3/9 2424/3/9 2425/3/9 2426/3/9 2427/3/9
f 2426/3/558 2428/3/558 2427/3/558
f 2427/3/559 2428/3/559 2422/3/559
f 2429/3/554 2435/3/554 2430/3/554
f 2430/3/555 2435/3/555 2431/3/555
f 2431/3/556 2435/3/556 2432/3/556
f 2432/3/557 2435/3/557 2433/3/557
f 2429/3/9 2430/3/9 2431/3/9 2432/3/9 2433/3/9 2434/3/9
f 2433/3/558 2435/3/558 2434/3/558
f 2434/3/559 2435/3/559 2429/3/559
f 2436/3/554 2442/3/554 2437/3/554
f 2437/3/555 2442/3/555 2438/3/555
f 2438/3/556 2442/3/556 2439/3/556
f 2439/3/557 2442/3/557 2440/3/557
f 2436/3/9 2437/3/9 2438/3/9 2439/3/9 2440/3/9 2441/3/9
f 2440/3/558 2442/3/558 2441/3/558
f 2441/3/559 2442/3/559 2436/3/559
f 2443/3/560 2444/3/560 2446/3/560 2445/3/560
f 2445/3/561 2446/3/561 2448/3/561 2447/3/561
f 2447/3/562 2448/3/562 2450/3/562 2449/3/562
f 2449/3/563 2450/3/563 2452/3/563 2451/3/563
f 2451/3/564 2452/3/564 2454/3/564 2453/3/564
f 2453/3/565 2454/3/565 2456/3/565 2455/3/565
f 2446/3/4 2444/3/4 2458/3/4 2456/3/4 2454/3/4 2452/3/4 2450/3/4 2448/3/4
f 2455/3/566 2456/3/566 2458/3/566 2457/3/566
f 2457/3/567 2458/3/567 2444/3/567 2443/3/567
f 2443/3/39 2445/3/39 2447/3/39 2449/3/39 2451/3/39 2453/3/39 2455/3/39 2457/3/39
f 2459/3/467 2460/3/467 2462/3/467 2461/3/467
f 2461/3/474 2462/3/474 2464/3/474 2463/3/474
f 2463/3/40 2464/3/40 2466/3/40 2465/3/40
f 2465/3/485 2466/3/485 2468/3/485 2467/3/485
f 2467/3/490 2468/3/490 2470/3/490 2469/3/490
f 2469/3/497 2470/3/497 2472/3/497 2471/3/497
f 2471/3/509 2472/3/509 2474/3/509 2473/3/509
f 2473/3/38 2474/3/38 2476/3/38 2475/3/38
f 2462/3/6 2460/3/6 2478/3/6 2476/3/6 2474/3/6 2472/3/6 2470/3/6 2468/3/6 2466/3/6 2464/3/6
f 2475/3/520 2476/3/520 2478/3/520 2477/3/520
f 2477/3/525 2478/3/525 2460/3/525 2459/3/525
f 2459/3/9 2461/3/9 2463/3/9 2465/3/9 2467/3/9 2469/3/9 2471/3/9 2473/3/9 2475/3/9 2477/3/9
f 2479/3/568 2485/3/568 2480/3/568
f 2480/3/569 2485/3/569 2481/3/569
f 2481/3/570 2485/3/570 2482/3/570
f 2482/3/571 2485/3/571 2483/3/571
f 2479/3/9 2480/3/9 2481/3/9 2482/3/9 2483/3/9 2484/3/9
f 2483/3/572 2485/3/572 2484/3/572
f 2484/3/573 2485/3/573 2479/3/573
f 2486/3/574 2492/3/574 2487/3/574
f 2487/3/575 2492/3/575 2488/3/575
f 2488/3/576 2492/3/576 2489/3/576
f 2489/3/577 2492/3/577 2490/3/577
f 2486/3/9 2487/3/9 2488/3/9 2489/3/9 2490/3/9 2491/3/9
f 2490/3/578 2492/3/578 2491/3/578
f 2491/3/579 2492/3/579 2486/3/579
f 2493/3/580 2499/3/580 2494/3/580
f 2494/3/581 2499/3/581 2495/3/581
f 2495/3/582 2499/3/582 2496/3/582
f 2496/3/583 2499/3/583 2497/3/583
f 2493/3/9 2494/3/9 2495/3/9 2496/3/9 2497/3/9 2498/3/9
f 2497/3/584 2499/3/584 2498/3/584
f 2498/3/585 2499/3/585 2493/3/585
f 2500/3/574 2506/3/574 2501/3/574
f 2501/3/575 2506/3/575 2502/3/575
f 2502/3/576 2506/3/576 2503/3/576
f 2503/3/577 2506/3/577 2504/3/577
f 2500/3/9 2501/3/9 2502/3/9 2503/3/9 2504/3/9 2505/3/9
f 2504/3/578 2506/3/578 2505/3/578
f 2505/3/579 2506/3/579 2500/3/579
f 2507/3/568 2513/3/568 2508/3/568
f 2508/3/569 2513/3/569 2509/3/569
f 2509/3/570 2513/3/570 2510/3/570
f 2510/3/571 2513/3/571 2511/3/571
f 2507/3/9 2508/3/9 2509/3/9 2510/3/9 2511/3/9 2512/3/9
f 2511/3/572 2513/3/572 2512/3/572
f 2512/3/573 2513/3/573 2507/3/573
